id,FALSE,TRUE,half-true,barely-true,pants-fire,mostly-true
11972.json,0.18417233,0.17208861,0.15448627,0.15660626,0.16406807,0.16857836
11685.json,0.1907629,0.16001286,0.1549128,0.151255,0.1814531,0.16160336
11096.json,0.18862315,0.16555391,0.15312113,0.16200222,0.16596726,0.16473225
5209.json,0.18320112,0.16883273,0.15901601,0.15651873,0.16927023,0.16316104
9524.json,0.19228163,0.17656179,0.15157638,0.14604948,0.17084736,0.16268332
5962.json,0.18262471,0.16154628,0.15520191,0.16410625,0.1674224,0.16909845
7070.json,0.1834179,0.1658777,0.15276527,0.15079674,0.17384705,0.17329538
1046.json,0.18226984,0.16890198,0.15236105,0.16205321,0.16694213,0.16747177
12849.json,0.19283989,0.16857336,0.1529195,0.16205798,0.1592018,0.16440742
13270.json,0.19851202,0.16130547,0.1539499,0.14844471,0.16793133,0.1698565
6649.json,0.18636742,0.1727939,0.15381233,0.15512705,0.16562906,0.1662702
2508.json,0.17965911,0.16786323,0.15427804,0.15905857,0.18018952,0.15895152
11269.json,0.17623262,0.16303213,0.1632561,0.16413477,0.16592258,0.16742171
11200.json,0.19411246,0.1666039,0.1452094,0.15016025,0.17466201,0.169252
8047.json,0.17532103,0.16923738,0.16184169,0.1596471,0.16532479,0.16862805
4888.json,0.18066333,0.15659873,0.15185599,0.15490209,0.1746734,0.18130657
3331.json,0.17492686,0.17005,0.16083863,0.15857463,0.16716474,0.16844516
9198.json,0.19017944,0.1629736,0.14644016,0.15541616,0.16973898,0.17525165
73.json,0.17681897,0.16589804,0.14435402,0.16810724,0.1707196,0.17410216
1328.json,0.17722157,0.16657993,0.16351025,0.16314071,0.16528049,0.16426708
12169.json,0.18940748,0.1710866,0.15338886,0.14897946,0.16899022,0.16814734
5244.json,0.18729825,0.16110127,0.16039012,0.15493444,0.17214614,0.16412978
12996.json,0.18782519,0.16355282,0.16238347,0.15155861,0.16756773,0.16711229
8162.json,0.17690372,0.16481726,0.16197254,0.16362217,0.16248965,0.17019461
10064.json,0.1951526,0.17929713,0.14942747,0.14939594,0.16502641,0.1617005
1084.json,0.18057589,0.16637981,0.14262794,0.15826763,0.1788667,0.17328204
13231.json,0.18162186,0.16896988,0.1574768,0.15767355,0.16848242,0.16577557
13089.json,0.19292578,0.1728876,0.14455435,0.16287063,0.16437472,0.16238694
1051.json,0.18243356,0.16399693,0.15154113,0.15718414,0.17266113,0.17218314
4161.json,0.1937216,0.1625593,0.15384147,0.16256316,0.16140397,0.16591056
11966.json,0.19387603,0.16868602,0.1512809,0.14501669,0.16969034,0.17144997
9800.json,0.17840353,0.17246576,0.15961945,0.15810774,0.16900647,0.1623971
816.json,0.17563345,0.16586018,0.16009845,0.16553892,0.16594811,0.1669209
2646.json,0.18701012,0.15673156,0.14615297,0.16550404,0.16707675,0.1775245
12381.json,0.17714186,0.17241877,0.15697214,0.15519053,0.16920272,0.16907395
8567.json,0.18453296,0.16339886,0.15245356,0.16257328,0.16590348,0.17113787
9092.json,0.18659534,0.16436458,0.14877433,0.15666789,0.17831959,0.16527839
10055.json,0.19236374,0.16464283,0.15332043,0.1485222,0.17358363,0.1675672
4513.json,0.19063434,0.16155957,0.15161873,0.14929147,0.17852193,0.16837396
10340.json,0.1890342,0.17243741,0.1477004,0.15349361,0.16538338,0.17195097
6849.json,0.1751844,0.1703025,0.15703985,0.1629732,0.16781314,0.166687
10971.json,0.18647343,0.16430001,0.15525982,0.16490512,0.16162941,0.16743223
13251.json,0.18227085,0.17193635,0.15522219,0.15475658,0.16829512,0.16751885
7545.json,0.17861164,0.16322896,0.15731266,0.16445936,0.16826685,0.16812053
4929.json,0.18848652,0.15759806,0.14914505,0.15410794,0.1796203,0.1710421
6239.json,0.19252838,0.16024931,0.14999975,0.14427185,0.17742337,0.17552738
266.json,0.18600187,0.16762267,0.15557282,0.16183141,0.16328028,0.165691
8841.json,0.19013104,0.17632905,0.14721966,0.15056978,0.16838415,0.16736633
6313.json,0.19181725,0.16406126,0.14219025,0.15473984,0.17093445,0.17625695
9550.json,0.18861862,0.17052698,0.14802417,0.15818726,0.17021151,0.16443147
9612.json,0.1764139,0.16488497,0.16330528,0.1609565,0.16703965,0.1673997
13272.json,0.1808136,0.1679965,0.15617096,0.16646011,0.16746633,0.16109246
7562.json,0.19453096,0.16636197,0.14419244,0.15292421,0.18062866,0.16136178
3121.json,0.2012479,0.16815221,0.13974427,0.14730802,0.1739294,0.16961817
9578.json,0.18395919,0.16219404,0.14861615,0.16291714,0.15945067,0.18286285
4553.json,0.18397681,0.15606205,0.15291162,0.15919457,0.16918087,0.17867415
2356.json,0.18197604,0.16376299,0.15675488,0.15640879,0.16847199,0.17262533
3453.json,0.1914929,0.16305383,0.1539107,0.1504022,0.17291325,0.16822714
1066.json,0.19012117,0.16277373,0.14704598,0.15452261,0.17037487,0.17516167
2092.json,0.18655187,0.16289145,0.15906224,0.15067157,0.17313235,0.16769053
7442.json,0.18910888,0.16746886,0.15202877,0.15798943,0.16556709,0.16783693
9910.json,0.17807701,0.16382605,0.15454617,0.1600926,0.17096537,0.17249274
11083.json,0.1714325,0.16353567,0.15587646,0.16018401,0.17339571,0.17557567
11443.json,0.18982811,0.16526148,0.15489562,0.15936364,0.16753684,0.16311434
11539.json,0.18036564,0.16019182,0.15370831,0.15551771,0.17837787,0.17183864
2966.json,0.1967038,0.1620343,0.14503208,0.16089922,0.16539052,0.16994013
13367.json,0.17567338,0.16431765,0.15549265,0.1558815,0.17163166,0.17700316
1087.json,0.18668406,0.16982462,0.15404397,0.14612414,0.17554352,0.16777965
267.json,0.1934181,0.15998909,0.16006227,0.14163946,0.17510055,0.16979055
4272.json,0.17909004,0.16568598,0.15688184,0.16027588,0.17143369,0.16663261
8849.json,0.19046867,0.16796806,0.14956126,0.14897858,0.17857158,0.16445194
12542.json,0.17805044,0.1682684,0.1576829,0.1619096,0.16686295,0.16722576
8372.json,0.18616664,0.16080675,0.15366258,0.15180059,0.1784248,0.1691386
3518.json,0.19035321,0.17528139,0.15184656,0.15387546,0.16918612,0.15945722
8340.json,0.18649638,0.16762611,0.15660249,0.15255404,0.16923788,0.16748309
10218.json,0.19163321,0.1667473,0.15770113,0.15743743,0.16459404,0.16188684
12698.json,0.1799816,0.16735058,0.15629144,0.15872012,0.1671247,0.17053156
2357.json,0.17183094,0.16778499,0.15988728,0.16695496,0.16862519,0.16491656
7823.json,0.18719077,0.16657348,0.14219221,0.15797366,0.17202117,0.17404863
12541.json,0.18691544,0.16972907,0.15330005,0.15734094,0.16598868,0.16672584
2854.json,0.190362,0.16855112,0.1477565,0.14635368,0.18146873,0.16550788
4719.json,0.18207255,0.16836686,0.15799752,0.16205871,0.16457795,0.16492641
2072.json,0.18412817,0.16334441,0.16055031,0.15954062,0.16232634,0.17011015
2885.json,0.16813302,0.16688529,0.16027771,0.16973366,0.1709048,0.16406555
13334.json,0.18728484,0.16259922,0.1584581,0.14949146,0.1733765,0.16878979
4820.json,0.19215761,0.15790822,0.15085946,0.14546077,0.17681023,0.17680383
12309.json,0.1788182,0.17349997,0.15916309,0.156732,0.16078,0.17100681
1420.json,0.19254127,0.17033574,0.15397237,0.14365913,0.16934952,0.17014198
8761.json,0.19057961,0.16950218,0.1470095,0.14963038,0.17037413,0.17290415
2491.json,0.17672542,0.16675359,0.1509529,0.15966481,0.17536065,0.1705425
1075.json,0.1840884,0.16269739,0.153083,0.16244498,0.16683383,0.17085245
9762.json,0.18746893,0.16218463,0.16052417,0.14652482,0.17544873,0.16784872
5935.json,0.173015,0.16466337,0.14947264,0.1603676,0.18098222,0.17149921
2821.json,0.18427943,0.16867355,0.15631668,0.15397577,0.16629106,0.17046355
6370.json,0.17660517,0.16898765,0.15786862,0.16129239,0.16988678,0.16535941
3706.json,0.17876391,0.15825143,0.15686974,0.1579052,0.1744961,0.17371361
10163.json,0.17634264,0.16741386,0.15951818,0.161813,0.16564879,0.16926342
2796.json,0.18963142,0.16183916,0.15189004,0.14818569,0.17723209,0.17122157
6083.json,0.18931012,0.16063605,0.15493451,0.14263606,0.17171781,0.18076538
5913.json,0.19318336,0.1682035,0.15188062,0.1591529,0.16361426,0.16396534
934.json,0.17241094,0.16491033,0.1641954,0.16525544,0.16768599,0.16554189
2162.json,0.19335839,0.16463363,0.14965776,0.15088356,0.16923417,0.17223252
3161.json,0.19191498,0.15647039,0.14257623,0.15056917,0.17637695,0.18209238
2679.json,0.19372468,0.16123402,0.15172131,0.15175852,0.17119578,0.17036574
8929.json,0.1889166,0.16663352,0.1570974,0.14677715,0.1739386,0.16663674
10040.json,0.178762,0.16707513,0.15864548,0.16252218,0.17010288,0.1628923
12398.json,0.18760905,0.16073062,0.15518509,0.15419716,0.17156385,0.17071432
2690.json,0.18015623,0.16020204,0.15298158,0.15071985,0.18207309,0.17386729
8667.json,0.18921207,0.1613734,0.15044259,0.15395382,0.18146227,0.16355586
8941.json,0.18849432,0.16422679,0.15506707,0.15534562,0.1735623,0.16330393
6821.json,0.19047667,0.16423984,0.1480089,0.15640087,0.17068456,0.17018914
10631.json,0.18200853,0.16302891,0.1578556,0.1651139,0.1688515,0.16314155
6579.json,0.18649755,0.1696212,0.15265875,0.1546772,0.16448592,0.1720593
11400.json,0.19393781,0.1622703,0.14727086,0.15760082,0.16895369,0.16996647
3228.json,0.1825423,0.16978534,0.15451244,0.15678787,0.16949698,0.16687503
9746.json,0.17501584,0.17312662,0.15410773,0.16088553,0.1664021,0.17046209
1915.json,0.18642984,0.16542217,0.15355872,0.16131493,0.16969864,0.16357575
12456.json,0.18563072,0.16932094,0.15799913,0.15365191,0.16772859,0.16566868
4856.json,0.17752078,0.16687031,0.16187854,0.1626354,0.16680424,0.16429073
4698.json,0.17833492,0.1693566,0.15581155,0.15979102,0.1698547,0.16685113
2585.json,0.17920569,0.17002933,0.15467235,0.15572588,0.17398334,0.16638346
6604.json,0.18759724,0.1734055,0.15039612,0.15631561,0.16401422,0.16827135
4495.json,0.18178001,0.16333593,0.15773666,0.15093246,0.17670368,0.16951133
8406.json,0.1869489,0.1626116,0.15801083,0.15119943,0.17405954,0.16716968
10147.json,0.18229575,0.16480497,0.16207181,0.15316436,0.16892031,0.16874284
10623.json,0.18052103,0.16602585,0.15937275,0.16007057,0.16625725,0.16775243
2277.json,0.18024339,0.16693594,0.14942504,0.16230632,0.17281626,0.16827297
8146.json,0.1977443,0.15791269,0.15159924,0.14856277,0.17639795,0.16778302
6026.json,0.18754804,0.16771707,0.14920469,0.1465289,0.17457981,0.17442152
13056.json,0.18757255,0.16016103,0.15837832,0.14365871,0.17768277,0.17254658
1103.json,0.19130269,0.15249601,0.15608004,0.14871374,0.1731454,0.17826214
4444.json,0.19013432,0.16361111,0.15640926,0.15426928,0.170712,0.16486405
9269.json,0.18167311,0.16073918,0.16432692,0.14817712,0.1775141,0.16756968
4105.json,0.1876483,0.17143491,0.1542697,0.15875065,0.16077521,0.16712122
8533.json,0.18757586,0.16387378,0.15796347,0.14899601,0.17786331,0.1637275
6950.json,0.19267803,0.16497833,0.14934368,0.15166108,0.17341453,0.16792431
13125.json,0.18388118,0.16792057,0.15756358,0.15720294,0.16619141,0.16724032
8294.json,0.18769231,0.1733097,0.13816941,0.16555962,0.16450237,0.17076649
9908.json,0.1883974,0.16432016,0.15163386,0.15559971,0.16955422,0.17049468
12424.json,0.17690322,0.16671868,0.15644711,0.16318774,0.16912085,0.16762231
4309.json,0.1777685,0.15818238,0.1614738,0.17192982,0.16781051,0.16283496
110.json,0.178914,0.16483848,0.15826021,0.16594028,0.16337222,0.16867484
7677.json,0.1838193,0.16716282,0.14898254,0.1589844,0.1691561,0.17189491
4780.json,0.17628483,0.1723599,0.15297268,0.15971965,0.17016445,0.16849853
715.json,0.17353737,0.16712381,0.15809502,0.16630977,0.1691582,0.16577587
3107.json,0.18737692,0.1656949,0.15741032,0.14393812,0.17993325,0.1656465
7565.json,0.18249168,0.16479258,0.15731852,0.15041167,0.17541698,0.1695686
8606.json,0.18784033,0.16571379,0.15186806,0.15121008,0.17526303,0.16810468
3869.json,0.18401648,0.16678856,0.15897407,0.16051482,0.16752118,0.16218488
10948.json,0.18732713,0.1636492,0.15198167,0.15931153,0.16542885,0.17230155
12210.json,0.18692397,0.16377719,0.15524095,0.1636949,0.16510339,0.16525955
4119.json,0.18997574,0.16596724,0.15527667,0.15262277,0.1667954,0.16936219
7272.json,0.18689278,0.16651396,0.15476905,0.16095933,0.16459274,0.16627213
12236.json,0.18898162,0.16285618,0.15648873,0.14729181,0.17580445,0.16857716
4016.json,0.17981166,0.16519544,0.15592277,0.16803256,0.16530567,0.16573192
6765.json,0.18545844,0.17074038,0.15856187,0.15199484,0.16734485,0.16589954
11867.json,0.1839683,0.1660673,0.15476975,0.15456775,0.17025466,0.17037226
11777.json,0.19379498,0.17265564,0.14618833,0.1571411,0.1640696,0.16615029
9051.json,0.18640035,0.15939525,0.1568527,0.14958046,0.17341055,0.17436072
4243.json,0.17248172,0.17146122,0.15855376,0.16483206,0.16642176,0.16624953
7818.json,0.19704142,0.15788604,0.15306096,0.14869004,0.17809981,0.16522188
10871.json,0.18373257,0.15776923,0.15349165,0.15070789,0.18076678,0.17353188
4710.json,0.18409929,0.16337678,0.15604538,0.15847507,0.17292151,0.165082
9507.json,0.18964654,0.17168461,0.1470945,0.15514617,0.17262007,0.1638081
11324.json,0.1869138,0.16244665,0.15958074,0.14427173,0.17464432,0.1721427
6046.json,0.18899111,0.17600024,0.14726406,0.14841148,0.17011414,0.16921896
8434.json,0.1897817,0.16755117,0.15315154,0.16295959,0.1626821,0.16387388
3637.json,0.17736427,0.16669318,0.15776068,0.16371837,0.16666098,0.16780254
7744.json,0.17713824,0.16874394,0.15881029,0.16209479,0.16681087,0.16640185
2897.json,0.19307381,0.16168563,0.15531848,0.1485553,0.17530744,0.16605933
6060.json,0.178818,0.17216675,0.1558228,0.15670386,0.17044011,0.16604856
603.json,0.17606649,0.16200608,0.16513526,0.1633617,0.16576599,0.16766459
11545.json,0.18593158,0.16269432,0.15767205,0.14876567,0.17704286,0.16789353
10448.json,0.1934457,0.16679236,0.14011046,0.1552223,0.17369433,0.17073482
5461.json,0.17781916,0.16329612,0.15297607,0.16583872,0.1754418,0.16462822
6684.json,0.17605163,0.16720404,0.15922156,0.16210751,0.16763134,0.1677839
450.json,0.19630717,0.16452698,0.14811972,0.16202472,0.16994095,0.15908048
769.json,0.19327216,0.16286722,0.14988454,0.15315188,0.1735179,0.16730621
6425.json,0.1835171,0.16011971,0.14937559,0.1471658,0.17556332,0.18425845
502.json,0.17799264,0.169393,0.15616226,0.16321403,0.16679555,0.16644257
11711.json,0.18268411,0.17165717,0.14841221,0.16338632,0.16414814,0.16971213
5470.json,0.1798011,0.16334583,0.14662553,0.15679628,0.17495067,0.1784805
8869.json,0.18774027,0.16367944,0.15929793,0.14706612,0.1718371,0.17037919
8159.json,0.19451042,0.16507168,0.13422838,0.1666028,0.16934253,0.17024416
6884.json,0.19610764,0.1640526,0.14943582,0.15285717,0.17673959,0.1608072
10250.json,0.19764578,0.15666308,0.14454554,0.1414524,0.18047316,0.17922007
10757.json,0.186004,0.17368345,0.15097538,0.16117981,0.16832118,0.15983616
8320.json,0.18478815,0.16471112,0.15805607,0.14798127,0.17571214,0.16875131
5472.json,0.1795083,0.16544083,0.15758121,0.1642324,0.1680554,0.16518186
5505.json,0.18390569,0.16887815,0.153975,0.1602304,0.166807,0.16620381
12427.json,0.18369463,0.16750078,0.1538767,0.15707995,0.16545296,0.17239495
11464.json,0.1802889,0.16766912,0.15674198,0.15939213,0.16861711,0.16729078
11778.json,0.1817864,0.16656722,0.1560429,0.14898759,0.17686418,0.16975166
12961.json,0.18778943,0.16255566,0.14502928,0.15960902,0.17284226,0.1721744
10269.json,0.18623836,0.17028,0.15327834,0.15058887,0.17218527,0.16742915
2833.json,0.19197755,0.15910836,0.15281573,0.15324122,0.17203803,0.17081913
6110.json,0.19665812,0.16138624,0.15489103,0.16332857,0.16072945,0.16300648
13400.json,0.19694588,0.17907332,0.13764036,0.15541424,0.17386062,0.1570656
1251.json,0.17811301,0.16935895,0.1553288,0.16000377,0.17039476,0.16680072
6112.json,0.18547846,0.15618634,0.15021773,0.1493524,0.17935763,0.17940734
6431.json,0.18249995,0.16456462,0.15378697,0.15963137,0.16874832,0.17076871
2615.json,0.18613197,0.16205826,0.15562162,0.14881222,0.17420058,0.17317532
3709.json,0.1945007,0.1688146,0.15251145,0.15271032,0.16500671,0.16645624
2652.json,0.18034689,0.16417383,0.161352,0.16422066,0.16604643,0.16386014
9146.json,0.1950948,0.16691142,0.14932294,0.1527073,0.17037638,0.16558714
184.json,0.19367523,0.16085476,0.15576363,0.1415455,0.17528398,0.17287692
11764.json,0.19013391,0.1665947,0.15623929,0.16065092,0.16681285,0.15956835
7692.json,0.18284574,0.16394068,0.14540926,0.17457777,0.16796462,0.16526188
7876.json,0.1812823,0.17600971,0.14649533,0.15983045,0.16703036,0.16935185
5171.json,0.19237879,0.16350842,0.152817,0.16013251,0.16173133,0.16943197
12950.json,0.18043858,0.16485073,0.1510858,0.15766084,0.17520258,0.17076148
11185.json,0.18512686,0.16447183,0.15854864,0.14861074,0.17365576,0.16958618
2412.json,0.18370841,0.16138232,0.15492609,0.16166447,0.16885546,0.16946329
3215.json,0.1932895,0.16324136,0.147053,0.14914863,0.18006381,0.16720372
948.json,0.1838107,0.16320686,0.15765783,0.155695,0.17133726,0.16829231
11766.json,0.17839251,0.16190769,0.15762824,0.16221988,0.17212868,0.16772307
592.json,0.18758379,0.16644154,0.15922412,0.15398419,0.17007758,0.16268876
5732.json,0.1794494,0.16423614,0.15624619,0.16448034,0.16827074,0.1673172
12745.json,0.1896164,0.16286694,0.15403265,0.14408079,0.17688005,0.17252329
5017.json,0.1756316,0.1690744,0.15928735,0.15938893,0.16839007,0.16822761
12331.json,0.1875767,0.16785727,0.15450706,0.16015778,0.16464724,0.16525395
10424.json,0.18038961,0.16434358,0.15843594,0.16501564,0.16509709,0.16671807
9091.json,0.19425622,0.16352679,0.14913662,0.15024933,0.16780071,0.17503044
2547.json,0.1871104,0.16549031,0.15550408,0.16292311,0.16352625,0.16544582
12571.json,0.19158159,0.17498013,0.15429902,0.15175062,0.16441248,0.16297607
7810.json,0.1865601,0.16698506,0.14314528,0.16505538,0.17037496,0.16787927
10935.json,0.1811534,0.16662493,0.1414639,0.17004234,0.17363077,0.16708468
8433.json,0.18545379,0.16581917,0.15048626,0.1531166,0.17487581,0.17024837
7087.json,0.19014928,0.16942294,0.15029146,0.15230042,0.1715019,0.16633394
1025.json,0.18663046,0.17383946,0.15657592,0.1528618,0.16340229,0.16669013
6386.json,0.19417937,0.16301742,0.14736901,0.1583905,0.17304201,0.16400164
2844.json,0.17302223,0.16473097,0.16323338,0.16559127,0.16594878,0.16747336
2392.json,0.18959498,0.16272229,0.15498766,0.1505131,0.16620483,0.17597711
4708.json,0.196824,0.17188032,0.14943302,0.15089026,0.16767704,0.16329537
8676.json,0.17748716,0.167112,0.16139865,0.16539973,0.1675178,0.1610847
8809.json,0.18920551,0.16315566,0.14282648,0.1627884,0.17341903,0.16860491
4095.json,0.17952609,0.16601196,0.1544324,0.16029838,0.16984756,0.16988361
13102.json,0.19589946,0.16465788,0.15418148,0.14594124,0.16857983,0.17074016
12167.json,0.18340962,0.16712111,0.15455721,0.15527734,0.16688076,0.17275387
2876.json,0.17934716,0.16378826,0.15384698,0.16458394,0.1691329,0.1693008
4769.json,0.18177277,0.17770453,0.15927027,0.15130326,0.16972274,0.16022642
1760.json,0.1900426,0.15900202,0.14351298,0.14769462,0.18007001,0.17967775
12943.json,0.19922642,0.16359918,0.161502,0.14264792,0.16696772,0.16605672
6513.json,0.18555743,0.16886523,0.14947051,0.15311274,0.1750991,0.16789497
7780.json,0.18666631,0.16200106,0.14950792,0.15343064,0.17274377,0.17565033
7418.json,0.1890449,0.16608706,0.1542859,0.16560586,0.16208394,0.1628923
2777.json,0.17580697,0.15863757,0.15560445,0.1639637,0.16975029,0.1762369
8853.json,0.1875091,0.16313952,0.14990105,0.16014458,0.17122129,0.16808447
7758.json,0.18058358,0.16719261,0.15821378,0.1634422,0.1650546,0.16551326
11796.json,0.19166787,0.16737205,0.1526764,0.15452863,0.16799209,0.16576298
11573.json,0.18795606,0.15923916,0.15738449,0.15053165,0.17438532,0.1705033
9521.json,0.19824378,0.16429034,0.15316299,0.14623281,0.16867311,0.16939701
10208.json,0.18479308,0.16332014,0.15583378,0.14603926,0.17850316,0.17151062
5756.json,0.1819603,0.16480334,0.15963414,0.15887207,0.16678277,0.16794738
1569.json,0.18922547,0.16301939,0.1540981,0.14990012,0.16833113,0.17542578
11805.json,0.17902191,0.15993942,0.15049225,0.16024406,0.17563227,0.17467009
805.json,0.18185294,0.16808558,0.15746507,0.1598897,0.16545862,0.16724813
8030.json,0.18103698,0.1687985,0.15158954,0.16105376,0.17142466,0.1660965
7678.json,0.19176862,0.16733715,0.15177438,0.16182172,0.16358045,0.16371784
139.json,0.18050952,0.17187493,0.15697798,0.15696196,0.16825023,0.16542539
7271.json,0.19907145,0.17083852,0.13962303,0.15632595,0.16238666,0.17175439
11409.json,0.19183226,0.16204768,0.15823066,0.1491864,0.1733212,0.16538188
688.json,0.18505993,0.16570978,0.15627263,0.16402338,0.16647904,0.16245517
3726.json,0.18489873,0.15742587,0.15832402,0.14743346,0.17937976,0.17253815
7461.json,0.17977299,0.16871476,0.15707898,0.15223503,0.17247842,0.16971986
5363.json,0.17936683,0.16485621,0.15957794,0.1629146,0.16675325,0.16653118
9942.json,0.1738878,0.15717262,0.15311992,0.16358873,0.17286307,0.17936791
3575.json,0.17403494,0.17010327,0.1611648,0.16357219,0.16406596,0.16705889
2205.json,0.19960615,0.17211404,0.14279702,0.15066685,0.16788249,0.16693348
7552.json,0.19617325,0.16488735,0.15540259,0.14249672,0.17937526,0.16166486
7135.json,0.19109797,0.16534428,0.14368835,0.16453964,0.17289983,0.16242996
384.json,0.1773915,0.16619723,0.15509418,0.16192895,0.16865145,0.17073666
13007.json,0.19609739,0.16906337,0.15174474,0.14495376,0.17093375,0.16720694
12994.json,0.1816927,0.16272701,0.14759679,0.15426306,0.17690778,0.17681265
3436.json,0.18376683,0.16834411,0.15653433,0.14849052,0.17160308,0.17126113
5810.json,0.18176547,0.16297548,0.14988339,0.16027035,0.16825035,0.17685498
6141.json,0.1848015,0.17166811,0.15216,0.15376924,0.17249183,0.16510932
6.json,0.18156135,0.16707186,0.154678,0.15948726,0.16754253,0.1696589
9891.json,0.18151712,0.16353522,0.16033828,0.15293235,0.17070067,0.17097636
1971.json,0.18076229,0.17331795,0.15523213,0.15483119,0.16883194,0.16702454
7008.json,0.1868866,0.16433278,0.14362752,0.1603058,0.1783358,0.16651152
8963.json,0.1875374,0.16956404,0.15530129,0.15923098,0.17206433,0.15630196
13040.json,0.1904021,0.16467983,0.15311356,0.15341856,0.17242068,0.1659652
8151.json,0.20192894,0.16812843,0.14193179,0.15313101,0.1674445,0.1674354
6236.json,0.18783042,0.16670875,0.16283455,0.1444065,0.17205569,0.1661641
6974.json,0.18433641,0.16503114,0.15281533,0.16292727,0.16437292,0.17051697
6879.json,0.18836334,0.1660616,0.14744702,0.16222619,0.16512007,0.17078179
11639.json,0.1885531,0.16791418,0.15524195,0.15687767,0.16665016,0.16476294
9343.json,0.1814642,0.16410665,0.15206254,0.16044293,0.17178066,0.170143
422.json,0.18137044,0.16417214,0.15597391,0.15998949,0.16794413,0.1705499
1448.json,0.17753273,0.16598213,0.15602699,0.16503666,0.17087744,0.16454399
737.json,0.17633335,0.16259266,0.16683239,0.16023117,0.16785617,0.16615425
10516.json,0.17746957,0.16402464,0.15497427,0.16917577,0.1675316,0.16682422
4750.json,0.18844426,0.1668458,0.14303371,0.17096195,0.1675212,0.16319317
8604.json,0.18156017,0.16270953,0.1528223,0.16246982,0.16819528,0.17224286
729.json,0.17656446,0.16768633,0.16066602,0.16437845,0.16778111,0.16292363
12702.json,0.18870987,0.16586567,0.15629892,0.15814666,0.16288862,0.16809021
8901.json,0.19570464,0.16942766,0.15251622,0.15315822,0.16216971,0.16702351
11546.json,0.17754649,0.16596557,0.15857735,0.16431352,0.16615087,0.16744614
1353.json,0.18814997,0.16641508,0.15846014,0.15962459,0.16566849,0.1616817
5938.json,0.18692428,0.16031729,0.15853155,0.15742056,0.1693094,0.16749698
12158.json,0.1846991,0.16359271,0.16204989,0.1481203,0.17385966,0.1676783
656.json,0.18516743,0.17117535,0.15120588,0.16017306,0.1701914,0.1620869
10085.json,0.1826366,0.16845506,0.15087952,0.1644164,0.16312881,0.17048362
5824.json,0.19192392,0.16853824,0.1480474,0.153181,0.17534369,0.16296579
5753.json,0.19003165,0.16756983,0.14247967,0.16096863,0.16871376,0.17023648
5512.json,0.18690588,0.16606912,0.15627058,0.1591985,0.16508715,0.16646881
125.json,0.18719374,0.16866821,0.15280351,0.16057262,0.16648664,0.16427532
6010.json,0.18375905,0.15815926,0.14851446,0.15399176,0.17509665,0.18047881
727.json,0.18503945,0.16354366,0.15104808,0.1555653,0.17678216,0.16802134
42.json,0.19001257,0.16076948,0.16165414,0.14683914,0.17477039,0.16595432
8511.json,0.1883151,0.16630903,0.14508036,0.16109328,0.16535316,0.1738491
6262.json,0.177538,0.16668199,0.1546087,0.16447012,0.17045832,0.16624285
9502.json,0.1781457,0.16878465,0.15611587,0.16506599,0.16336995,0.16851777
11351.json,0.18092988,0.17084196,0.15724473,0.15643872,0.16658475,0.16795991
8558.json,0.18173474,0.16383737,0.15378147,0.1592623,0.17549612,0.16588809
12084.json,0.19063684,0.16535737,0.15618159,0.14610016,0.17298369,0.16874039
568.json,0.18418959,0.16882303,0.15786286,0.15390648,0.16582672,0.1693913
7537.json,0.17972308,0.1612415,0.15190725,0.16098912,0.17121759,0.17492153
9708.json,0.18060932,0.16278976,0.16132122,0.14889646,0.17906113,0.16732214
7524.json,0.18327433,0.1649487,0.15470843,0.16236371,0.1650265,0.16967832
4537.json,0.1847715,0.16465275,0.15155849,0.1474362,0.17800294,0.17357817
8549.json,0.19949937,0.17092,0.1376736,0.15564473,0.17110533,0.16515698
11736.json,0.1947869,0.16717723,0.15349464,0.14207596,0.17011328,0.17235202
8062.json,0.18738544,0.16499402,0.14520356,0.15815376,0.17446882,0.16979441
3158.json,0.18759923,0.16810046,0.1445797,0.16281919,0.17142643,0.16547504
10794.json,0.18219171,0.16886038,0.15408717,0.15364663,0.16872525,0.1724888
12461.json,0.17582458,0.16884464,0.15632276,0.16047627,0.16929217,0.16923952
8609.json,0.17631072,0.16360259,0.16102207,0.16029917,0.1721192,0.16664629
63.json,0.18855941,0.16111489,0.15507422,0.1423081,0.1741444,0.17879893
6560.json,0.18737383,0.16549493,0.15613095,0.1494086,0.17458098,0.16701068
3546.json,0.18875481,0.17880309,0.14869331,0.15746762,0.16277951,0.16350162
3036.json,0.17852017,0.16476923,0.15046796,0.15553448,0.17806916,0.17263894
11910.json,0.18894088,0.17034864,0.14965335,0.15733229,0.16638012,0.16734472
4101.json,0.19439684,0.16945495,0.14903048,0.15658271,0.1607778,0.16975722
10175.json,0.18526469,0.16406201,0.14805217,0.16041867,0.1695252,0.17267722
4593.json,0.18581462,0.16681108,0.15701303,0.14876334,0.17005342,0.17154449
5985.json,0.18171535,0.16249938,0.14586815,0.16100201,0.17009045,0.17882463
1881.json,0.18733573,0.1644732,0.16065432,0.1490352,0.1675803,0.17092119
204.json,0.18923292,0.15775932,0.1505286,0.16419926,0.1745267,0.1637532
10091.json,0.18242587,0.16265836,0.15495947,0.16299537,0.16856995,0.1683909
1409.json,0.17764197,0.16668667,0.1574488,0.16241568,0.16548069,0.1703262
2769.json,0.18837231,0.16131599,0.15412137,0.1451755,0.176516,0.17449881
2600.json,0.19076326,0.16824165,0.14549068,0.15358472,0.16641605,0.17550364
4822.json,0.18652856,0.1688343,0.15179273,0.15514347,0.16810416,0.16959682
5536.json,0.18767981,0.16923293,0.16165704,0.15320152,0.15982205,0.16840664
2911.json,0.18683556,0.16182555,0.1511832,0.15070798,0.17577156,0.17367616
12787.json,0.18360636,0.17085609,0.15646338,0.15677714,0.1664598,0.16583724
2442.json,0.18024577,0.17296396,0.15219454,0.15320697,0.17039299,0.17099583
3489.json,0.19572954,0.17303394,0.14771546,0.15333264,0.16421312,0.16597526
12006.json,0.19493423,0.16816866,0.14940605,0.14780156,0.17022978,0.1694597
9109.json,0.17620918,0.15899554,0.15696988,0.15464574,0.17682725,0.17635234
12661.json,0.18410708,0.18083845,0.14894585,0.15321386,0.16323443,0.16966039
6447.json,0.1860076,0.16854359,0.1573482,0.15961935,0.16685286,0.16162845
2983.json,0.18882811,0.15772027,0.16140927,0.1451239,0.17246173,0.1744567
13467.json,0.18121336,0.17045084,0.15734875,0.15291889,0.17091848,0.16714965
921.json,0.18564384,0.17232251,0.15299696,0.1507099,0.17013864,0.16818815
9141.json,0.19053625,0.16039869,0.15821193,0.14969617,0.17280503,0.16835186
12648.json,0.19558845,0.1722356,0.13552931,0.16543248,0.17627873,0.15493546
3674.json,0.19964656,0.16625157,0.14394474,0.15455452,0.17726322,0.15833932
6577.json,0.19557574,0.16968176,0.14410925,0.13689972,0.17642485,0.17730871
8240.json,0.17905998,0.16592835,0.16050312,0.149222,0.17481029,0.17047618
9405.json,0.18988185,0.1687891,0.1525892,0.16557378,0.16118854,0.16197756
1892.json,0.1892513,0.17129785,0.15466587,0.15749986,0.15988006,0.16740504
2754.json,0.18345158,0.17664243,0.15499789,0.1554109,0.16217819,0.16731912
31.json,0.19846219,0.16611744,0.15361181,0.14476219,0.1703742,0.16667207
4711.json,0.18914253,0.16999717,0.14951588,0.1620193,0.16222022,0.16710486
664.json,0.18109424,0.16621071,0.15350956,0.16200659,0.16760239,0.16957651
1199.json,0.18777874,0.16560353,0.14796418,0.16042507,0.16846037,0.1697682
11865.json,0.18789728,0.170453,0.15435603,0.15476143,0.16745037,0.16508183
87.json,0.1854169,0.16224141,0.1451989,0.17307556,0.17082419,0.16324294
9312.json,0.20751353,0.15533412,0.14851925,0.15699352,0.16694817,0.16469148
10638.json,0.1812186,0.16644593,0.15626097,0.16316813,0.16605493,0.16685133
3021.json,0.1840703,0.17158955,0.15226449,0.16287751,0.16699272,0.16220547
379.json,0.19013478,0.16611752,0.15149295,0.16448846,0.15908681,0.16867942
5272.json,0.17573005,0.17636067,0.1523373,0.16359985,0.17079705,0.16117504
683.json,0.18065846,0.15735507,0.15448791,0.16189763,0.16770834,0.1778926
1781.json,0.18742839,0.1569742,0.15930502,0.14983843,0.17786577,0.16858816
11687.json,0.18219784,0.16823462,0.15473208,0.16468818,0.16781572,0.1623316
2975.json,0.18843433,0.15612456,0.15897204,0.16430995,0.15968686,0.17247231
771.json,0.18023343,0.16719687,0.15751548,0.16233197,0.16299233,0.16972992
3991.json,0.19388106,0.16503948,0.15123923,0.1590509,0.16638568,0.1644036
11923.json,0.19441235,0.17058675,0.1487571,0.15504241,0.16527075,0.16593063
10749.json,0.18971469,0.17250748,0.15474205,0.15148154,0.16329744,0.16825673
3946.json,0.18655632,0.17063713,0.14436118,0.16417505,0.17216285,0.16210751
7834.json,0.17971332,0.16985731,0.1573731,0.16084889,0.16806349,0.1641439
6290.json,0.18554953,0.16824807,0.14499526,0.16317043,0.17030554,0.16773118
1477.json,0.17776379,0.16445132,0.15898292,0.16406906,0.16379711,0.17093581
10881.json,0.19157794,0.16288494,0.1492714,0.14823256,0.17298117,0.175052
4396.json,0.18100499,0.16134706,0.16386892,0.14701357,0.17810251,0.16866301
6206.json,0.19290666,0.16063163,0.14990851,0.14646892,0.17784667,0.17223752
9970.json,0.18049641,0.16441363,0.15694459,0.15532635,0.1720363,0.17078272
4353.json,0.17652828,0.16657564,0.15759082,0.16159838,0.16728923,0.1704177
1394.json,0.19525176,0.15680553,0.15132335,0.15701003,0.16558112,0.17402819
7695.json,0.18000582,0.16809633,0.15815745,0.15978174,0.16810444,0.16585422
4770.json,0.19313334,0.16756505,0.14406548,0.15755162,0.16815913,0.16952537
1052.json,0.18265085,0.16468255,0.1608777,0.1629151,0.1624681,0.16640562
5249.json,0.18888716,0.16043551,0.15268499,0.15942025,0.17017409,0.1683981
3700.json,0.18472843,0.17027105,0.15337908,0.1490587,0.16890459,0.17365815
8683.json,0.1928947,0.15743555,0.1578988,0.15203692,0.17023176,0.16950226
12798.json,0.1779731,0.1641706,0.15711749,0.15627,0.17141163,0.17305717
4838.json,0.1891081,0.16744514,0.15572527,0.16285352,0.16234617,0.1625218
7680.json,0.18711007,0.17198956,0.15800601,0.15434933,0.16270755,0.1658375
1999.json,0.1768199,0.1653016,0.15885015,0.16349338,0.16850184,0.1670331
12873.json,0.18507124,0.1558968,0.15406305,0.15665327,0.17601795,0.17229766
9683.json,0.17698045,0.16660894,0.15327159,0.15924451,0.17291653,0.17097798
6660.json,0.1792447,0.16170438,0.16099219,0.16720743,0.16481651,0.16603485
13527.json,0.19716887,0.16343588,0.15193747,0.16020949,0.16459884,0.16264945
2626.json,0.19548629,0.17029397,0.15607314,0.1430898,0.17178582,0.16327098
2814.json,0.18799599,0.16353044,0.13899723,0.15802535,0.17460454,0.17684655
7598.json,0.1999846,0.1601474,0.15203664,0.14472546,0.17270616,0.17039976
2746.json,0.19171546,0.16675864,0.15152037,0.15767145,0.1674994,0.16483472
12448.json,0.17379417,0.1687803,0.14997172,0.1599389,0.17116922,0.1763457
3232.json,0.17645577,0.16797851,0.15741804,0.164543,0.16450734,0.16909733
11226.json,0.18012182,0.17447439,0.1524056,0.1568533,0.16806619,0.16807869
487.json,0.17874563,0.16071157,0.15485273,0.15789655,0.17194828,0.17584516
6858.json,0.19561443,0.1605973,0.15471435,0.1481294,0.17211443,0.16883013
8701.json,0.19146419,0.16310103,0.15307763,0.15166277,0.17380017,0.16689423
10606.json,0.18301132,0.16609214,0.15391685,0.15800118,0.16442202,0.17455646
9016.json,0.17982416,0.15875207,0.1509978,0.16280419,0.17270938,0.17491232
2371.json,0.19204918,0.17433463,0.14718553,0.1534992,0.16923726,0.16369419
12065.json,0.18086453,0.16963479,0.15520258,0.1630931,0.16905546,0.16214956
2362.json,0.18238552,0.15778206,0.15624537,0.1498662,0.17324974,0.18047112
2868.json,0.18224141,0.16132432,0.14794828,0.16206014,0.17392333,0.17250256
13305.json,0.175729,0.16727217,0.15575297,0.165468,0.16582581,0.16995205
8503.json,0.19770762,0.16284056,0.14457652,0.15779665,0.17124417,0.16583449
2428.json,0.17719944,0.16012561,0.15280925,0.1583499,0.17538753,0.17612824
636.json,0.19351627,0.1698832,0.14895152,0.14910324,0.16860498,0.16994087
5758.json,0.18454564,0.16780698,0.1548464,0.16132464,0.16616026,0.16531608
2793.json,0.1795531,0.16856293,0.15217875,0.15173575,0.1739382,0.17403123
9426.json,0.17772466,0.1754946,0.15204234,0.16066378,0.16919248,0.16488226
5898.json,0.19033413,0.17024462,0.15908398,0.14156659,0.17480505,0.16396573
11218.json,0.17166184,0.18442322,0.14533406,0.16382137,0.17209673,0.16266286
12703.json,0.17785116,0.16490644,0.15853672,0.16266088,0.1678326,0.16821223
5462.json,0.18885139,0.17380814,0.14885275,0.15834193,0.16941756,0.1607282
1955.json,0.19351074,0.17121315,0.14887598,0.15645565,0.16151477,0.16842972
11647.json,0.18920386,0.16786097,0.1476859,0.15919252,0.1645175,0.17153926
11139.json,0.18430655,0.17137873,0.15343305,0.16645972,0.15685314,0.16756882
1648.json,0.19269814,0.16133504,0.15077926,0.15107323,0.17430624,0.16980809
5371.json,0.17337032,0.1691814,0.15990727,0.16760905,0.1655949,0.16433702
4425.json,0.20608775,0.1579298,0.14482586,0.1448897,0.17631851,0.16994835
2498.json,0.17952979,0.17341714,0.15523842,0.15471177,0.1683741,0.16872884
4131.json,0.19312336,0.16769122,0.1473824,0.14936773,0.17439005,0.16804527
2341.json,0.1794534,0.17081767,0.15270229,0.1595705,0.16585386,0.17160235
5551.json,0.18898429,0.16991481,0.14734866,0.1630824,0.16764745,0.16302244
757.json,0.1810381,0.16582349,0.15210211,0.16101198,0.16977753,0.17024681
11519.json,0.18615699,0.16147658,0.14955491,0.16020545,0.16888961,0.17371643
5785.json,0.19126429,0.15745936,0.15545833,0.14580953,0.17949207,0.17051652
2284.json,0.19107695,0.1661783,0.15373607,0.15548903,0.17004722,0.16347246
12650.json,0.17659777,0.16794696,0.16054006,0.16270587,0.16502751,0.16718185
9480.json,0.19032463,0.15791504,0.15812074,0.15935636,0.16544619,0.16883706
643.json,0.19519603,0.15796773,0.15956081,0.1517091,0.16681106,0.16875531
11242.json,0.19552876,0.15760933,0.15620591,0.15566576,0.16819187,0.16679837
7038.json,0.18107311,0.15913607,0.15608181,0.15436096,0.17703609,0.17231196
6772.json,0.18549265,0.16654131,0.1596888,0.14840649,0.17174646,0.16812435
7952.json,0.18898293,0.17520982,0.14814514,0.15719308,0.16372645,0.1667426
13134.json,0.19020532,0.1663099,0.15181144,0.16369092,0.16209011,0.16589232
2181.json,0.17941104,0.15938042,0.15651244,0.16189772,0.16551311,0.17728525
9629.json,0.19252802,0.16915877,0.14738475,0.1498432,0.16923735,0.17184785
3668.json,0.16855049,0.16626266,0.16423978,0.16790248,0.16378492,0.16925964
11327.json,0.18347736,0.17086168,0.15476108,0.15630557,0.16739851,0.16719581
3818.json,0.18454444,0.16844326,0.1549459,0.16159874,0.16284013,0.16762762
2218.json,0.18783455,0.17214759,0.15026526,0.14822115,0.16960564,0.17192586
11562.json,0.184891,0.16516082,0.15196665,0.15413703,0.17697448,0.16686997
9622.json,0.17517504,0.16879028,0.15563467,0.16390322,0.16737106,0.16912562
9995.json,0.18872453,0.1607598,0.13974671,0.15414429,0.18494207,0.17168257
7344.json,0.17568623,0.1661605,0.15581001,0.16369568,0.16853073,0.17011693
5840.json,0.19270386,0.1610894,0.15110247,0.15125692,0.17030379,0.1735436
1576.json,0.18807487,0.1613948,0.15897132,0.14820068,0.17502414,0.16833423
13127.json,0.18764947,0.16571155,0.15478031,0.16164696,0.16560702,0.16460463
12098.json,0.19811095,0.16097681,0.15172355,0.15051939,0.1696332,0.16903615
12272.json,0.20099682,0.15736802,0.14609963,0.14423333,0.17979956,0.17150253
5993.json,0.19060433,0.16719201,0.14969064,0.16208106,0.16450293,0.16592908
9285.json,0.18452421,0.16903467,0.15202951,0.15137799,0.17102665,0.1720069
7165.json,0.1876901,0.1584103,0.15587915,0.14453813,0.17538086,0.1781015
11025.json,0.18029045,0.16225448,0.15634301,0.16448209,0.16677964,0.16985032
7577.json,0.19522873,0.17102954,0.14429587,0.14882417,0.17162432,0.16899733
2719.json,0.19269864,0.16179721,0.14363836,0.15954894,0.17136438,0.17095251
3631.json,0.1899471,0.17143115,0.15148607,0.15420479,0.16618487,0.16674605
7211.json,0.18677491,0.16322762,0.15819237,0.14953059,0.17371057,0.16856389
1480.json,0.19475952,0.16913238,0.14991087,0.14913757,0.17578866,0.16127093
1512.json,0.20150872,0.15857469,0.15419246,0.14108069,0.17334414,0.1712993
10517.json,0.18592153,0.15819563,0.14154866,0.1539745,0.17973413,0.18062556
5723.json,0.20463975,0.15943752,0.15389918,0.15703438,0.16771108,0.15727815
7378.json,0.18022013,0.16544054,0.15894425,0.16251169,0.16381109,0.16907233
531.json,0.19336571,0.16364293,0.14625831,0.14541814,0.17361085,0.17770413
474.json,0.18326147,0.17077689,0.15521523,0.15618525,0.16497941,0.16958188
2250.json,0.19024973,0.17185007,0.1589558,0.15831707,0.15733394,0.16329335
126.json,0.18930706,0.16363509,0.16064811,0.14703378,0.17254946,0.16682653
10646.json,0.19331804,0.16576225,0.14903061,0.14797229,0.17193066,0.17198606
1823.json,0.19194189,0.16678864,0.1573025,0.1560826,0.16351855,0.16436595
9731.json,0.18561466,0.1735254,0.1511473,0.15563859,0.16391757,0.1701565
9594.json,0.1871909,0.17156038,0.15050414,0.16159481,0.16474836,0.16440131
12026.json,0.17342778,0.16512671,0.15456036,0.1632517,0.16983794,0.17379548
5971.json,0.18352652,0.1668042,0.15431099,0.16170426,0.16613546,0.16751857
6857.json,0.18877266,0.1597713,0.14755273,0.15407372,0.16909115,0.18073851
3112.json,0.18248288,0.17664148,0.14719406,0.1567547,0.16982074,0.16710627
11832.json,0.17697392,0.16739307,0.15878062,0.1637456,0.16502105,0.16808568
2337.json,0.17362417,0.15988588,0.16561659,0.16055551,0.17228869,0.16802919
10853.json,0.17739762,0.16104564,0.15358238,0.15632221,0.17313235,0.1785198
9050.json,0.18259633,0.1640515,0.15926005,0.16062964,0.16170736,0.17175521
9427.json,0.19213581,0.16595164,0.15514977,0.14909646,0.17547995,0.16218637
2830.json,0.19066589,0.16630459,0.15921348,0.15388913,0.16588573,0.16404113
9756.json,0.17845641,0.16051355,0.16362357,0.15997107,0.16924426,0.16819112
6532.json,0.18378669,0.17083843,0.1571807,0.15747628,0.16541797,0.1653
4805.json,0.18122949,0.1685901,0.1614238,0.14995822,0.17388704,0.16491136
3648.json,0.19561756,0.16090082,0.14886004,0.148107,0.17253317,0.17398143
4994.json,0.18448953,0.16596965,0.15702528,0.16113299,0.16240397,0.16897859
4715.json,0.18402164,0.16426852,0.15048015,0.15381129,0.17786874,0.16954969
526.json,0.18650861,0.17061801,0.15408689,0.15492578,0.16762842,0.16623232
8673.json,0.18768552,0.16669366,0.15852551,0.14572443,0.16955394,0.17181695
9273.json,0.1838994,0.16641212,0.15060736,0.16373104,0.16619828,0.1691518
9973.json,0.1773992,0.16761355,0.15614986,0.15577061,0.16941611,0.17365065
3.json,0.17682542,0.16674615,0.15722676,0.16236365,0.16735119,0.16948687
9197.json,0.18866682,0.16141412,0.15807664,0.161555,0.16401808,0.1662694
9610.json,0.19136052,0.16122046,0.15197368,0.15452273,0.17530823,0.16561447
1150.json,0.18281971,0.16523829,0.14578836,0.16320884,0.1688923,0.1740524
2087.json,0.18524274,0.1652332,0.15185663,0.16148183,0.16760889,0.16857676
7051.json,0.18403146,0.1641081,0.15896055,0.15105641,0.16971879,0.17212476
8035.json,0.19032362,0.1717613,0.15296687,0.15181267,0.16614279,0.1669927
1329.json,0.19086139,0.17456801,0.15077904,0.1494836,0.16794866,0.16635923
1574.json,0.1774936,0.16229936,0.15450542,0.15722312,0.17324102,0.17523755
6745.json,0.18303885,0.17138378,0.15474713,0.1505203,0.16640654,0.17390342
4289.json,0.19413137,0.16100341,0.14567682,0.15661965,0.17563723,0.16693152
4383.json,0.19739677,0.16372655,0.15415837,0.15445177,0.16320397,0.16706258
12089.json,0.18641865,0.15560484,0.14079086,0.1606944,0.17245722,0.18403408
12976.json,0.18781057,0.16479428,0.15610738,0.14430436,0.17803596,0.1689474
5170.json,0.19141203,0.16943446,0.15397765,0.150715,0.1714744,0.1629864
6976.json,0.18730725,0.15746978,0.15152702,0.15499805,0.17496115,0.17373674
7838.json,0.18577415,0.16830455,0.15195133,0.15097816,0.17606963,0.1669222
2643.json,0.17754972,0.16505125,0.15937838,0.1613508,0.16480052,0.17186938
1810.json,0.17407785,0.16707,0.15919454,0.16229089,0.16711567,0.17025103
10097.json,0.19119094,0.1657121,0.14909741,0.15562016,0.17068218,0.16769713
13236.json,0.18499242,0.16382399,0.15489268,0.15322597,0.17172265,0.1713423
2568.json,0.17689031,0.17685315,0.1592055,0.15419593,0.16569285,0.1671622
12833.json,0.18565407,0.17356905,0.15145305,0.15604323,0.17022194,0.16305861
1894.json,0.18593395,0.1637324,0.16072932,0.14802636,0.17047913,0.17109883
7881.json,0.18959685,0.16937247,0.15249507,0.148178,0.1719404,0.16841725
5603.json,0.18913767,0.16660076,0.14403659,0.1566178,0.17626789,0.16733935
5759.json,0.1912042,0.16211963,0.14585894,0.14952786,0.17239545,0.17889394
6207.json,0.18097487,0.16923101,0.15798953,0.15981793,0.16704807,0.16493858
2149.json,0.186017,0.16334213,0.15684514,0.15424685,0.17280613,0.16674271
2445.json,0.17914769,0.16909097,0.15412551,0.16489244,0.16656552,0.16617787
5910.json,0.19568111,0.16972502,0.14191616,0.15649647,0.16997264,0.16620865
2596.json,0.17957039,0.17538606,0.15355523,0.16004857,0.16600426,0.16543545
10399.json,0.1745497,0.16667089,0.16024566,0.1649449,0.16733484,0.16625397
792.json,0.17966062,0.15764786,0.15238291,0.1575728,0.17848939,0.17424642
12929.json,0.18016665,0.1591063,0.15200476,0.15896866,0.17394838,0.17580529
12791.json,0.18506499,0.16718538,0.15096477,0.14947776,0.16976297,0.17754419
9003.json,0.18915907,0.15787753,0.15599154,0.16063535,0.16251065,0.1738258
3811.json,0.18640882,0.16004229,0.16382325,0.14586532,0.17502579,0.16883448
3399.json,0.17971067,0.16790973,0.15482064,0.15767391,0.16517155,0.17471349
11229.json,0.1813927,0.16239676,0.15035668,0.15803738,0.17111753,0.1766989
3800.json,0.18799113,0.16785495,0.14874327,0.15182011,0.16821554,0.17537491
10283.json,0.19294469,0.17021471,0.1504665,0.14651081,0.17508192,0.16478139
352.json,0.1831627,0.16073462,0.16141315,0.1506759,0.17699909,0.16701451
4134.json,0.1788534,0.16662776,0.15446655,0.16269286,0.16705357,0.1703059
5278.json,0.20838928,0.15369323,0.13148263,0.15453708,0.17975132,0.17214644
2165.json,0.17878488,0.16490348,0.1554752,0.15826438,0.17390427,0.16866784
7448.json,0.17956056,0.16699135,0.15836906,0.14785828,0.1783652,0.16885555
12987.json,0.17685747,0.16015069,0.15654172,0.15814611,0.17522795,0.17307612
5132.json,0.18995859,0.1656719,0.15085165,0.1610149,0.17336044,0.15914248
13329.json,0.18926509,0.15912525,0.1554965,0.15070954,0.17375377,0.17164983
4588.json,0.19005047,0.16823053,0.15326357,0.16281615,0.16321665,0.16242267
6455.json,0.19002788,0.16154978,0.14841366,0.15985925,0.1722446,0.1679049
10282.json,0.17535138,0.16976136,0.15673743,0.16280998,0.16582361,0.1695163
211.json,0.19214687,0.16514073,0.15513042,0.14931771,0.16775858,0.17050578
7676.json,0.2006921,0.16608402,0.14885059,0.14861463,0.17063202,0.16512662
1873.json,0.18351273,0.16358379,0.1536305,0.14520887,0.17621723,0.1778468
2443.json,0.19583493,0.16627078,0.14043592,0.14235966,0.18234885,0.17274998
3841.json,0.18243495,0.15843187,0.15033509,0.15048131,0.1793948,0.178922
12284.json,0.17466877,0.17708856,0.15071207,0.16659471,0.16074657,0.17018923
7197.json,0.1865542,0.17158395,0.15338685,0.15604188,0.16267836,0.16975473
12858.json,0.18642475,0.16828209,0.14721306,0.16268934,0.167273,0.16811776
2633.json,0.17695037,0.1651241,0.15154237,0.16524127,0.17059663,0.1705452
6041.json,0.20119788,0.17061599,0.14300089,0.14231431,0.17872128,0.16414967
3414.json,0.18231587,0.16140345,0.1583432,0.14971192,0.17556578,0.17265972
4323.json,0.19101976,0.17553294,0.1561833,0.14465772,0.17000212,0.16260424
1679.json,0.19138525,0.16309816,0.15740499,0.14893562,0.16988255,0.16929345
275.json,0.18642919,0.1713646,0.1587284,0.15536012,0.16941324,0.15870443
13208.json,0.17148267,0.16570276,0.16384834,0.16248672,0.16980183,0.16667776
5911.json,0.17432782,0.1633525,0.15248556,0.15924387,0.17427956,0.17631073
4277.json,0.1857841,0.16721259,0.15324138,0.15860024,0.17100026,0.16416146
752.json,0.17834033,0.16344431,0.15042262,0.16207038,0.17630047,0.16942184
2601.json,0.17732349,0.16414158,0.16130033,0.1606438,0.16928922,0.16730163
1450.json,0.1961598,0.17366241,0.14308998,0.15141754,0.16906692,0.1666034
5653.json,0.18463762,0.17044641,0.15345946,0.15366484,0.16915235,0.16863932
13046.json,0.18603982,0.16777943,0.15369892,0.15559678,0.17158863,0.16529638
3103.json,0.18161139,0.16258848,0.15399416,0.1557816,0.18438004,0.16164435
2894.json,0.18977408,0.16456556,0.15357657,0.15769877,0.17027213,0.16411291
1012.json,0.18670006,0.16532281,0.1566452,0.15000923,0.1742919,0.16703083
9112.json,0.1860353,0.17044048,0.14396378,0.15959896,0.16865993,0.17130153
2945.json,0.18606797,0.16150808,0.15034097,0.15732549,0.16972658,0.17503092
9944.json,0.17681794,0.16815409,0.15592274,0.16212194,0.16734575,0.16963756
6839.json,0.17933236,0.16594549,0.16040045,0.1623751,0.16629641,0.16565017
3673.json,0.18521182,0.16317368,0.15671538,0.15132955,0.1808625,0.16270705
13058.json,0.1884638,0.16483958,0.15551215,0.15039186,0.16985533,0.17093727
3941.json,0.19379789,0.16841717,0.15634921,0.14856343,0.16407529,0.168797
10917.json,0.1717001,0.1650936,0.16413578,0.16517292,0.16299748,0.17090008
13155.json,0.1792843,0.16605903,0.1603575,0.16415879,0.16482937,0.16531098
9301.json,0.18594168,0.16495925,0.15437432,0.16891341,0.1627877,0.16302355
5486.json,0.1944023,0.1620257,0.15766066,0.15803553,0.16327971,0.1645961
4579.json,0.19137193,0.16765176,0.15597786,0.16041484,0.16322537,0.16135825
10943.json,0.18750396,0.16185468,0.15560119,0.15280204,0.17059444,0.17164366
12728.json,0.17181471,0.16803622,0.16256195,0.1654222,0.1670734,0.16509156
92.json,0.18518353,0.17100522,0.15387397,0.15120889,0.16867884,0.17004956
11230.json,0.18221289,0.16463977,0.15568693,0.1578608,0.16694927,0.1726503
2720.json,0.18565035,0.16944607,0.15293701,0.1589601,0.16355486,0.16945164
582.json,0.17894235,0.16842456,0.1583027,0.15841301,0.16992702,0.16599035
13227.json,0.19190362,0.17867883,0.15034345,0.15221515,0.16672806,0.16013083
12052.json,0.18559857,0.16312203,0.1616488,0.14864312,0.16933809,0.17164952
1010.json,0.18175781,0.16928034,0.15504785,0.15283564,0.16969089,0.1713874
1333.json,0.185659,0.1595608,0.15526511,0.15471844,0.16970558,0.17509103
2603.json,0.18764323,0.16063122,0.15302736,0.15010154,0.17891076,0.16968581
2731.json,0.19053608,0.16499217,0.14826088,0.15245965,0.16895871,0.17479253
3434.json,0.18997987,0.16759057,0.15754564,0.14716285,0.17234181,0.16537923
788.json,0.18128608,0.17518654,0.15152846,0.15607955,0.17083389,0.16508543
1691.json,0.19220576,0.16133244,0.15431401,0.16171062,0.16437449,0.16606274
605.json,0.18027017,0.16506557,0.15908259,0.15821962,0.16911449,0.16824752
6195.json,0.18845081,0.16561905,0.15580688,0.14754125,0.17107554,0.1715065
1350.json,0.17363034,0.16691013,0.15805034,0.16278955,0.1651752,0.1734444
7706.json,0.18297169,0.16693354,0.1552731,0.15384606,0.1739225,0.1670531
12037.json,0.19140063,0.16596332,0.15231536,0.15891594,0.16353445,0.16787028
8710.json,0.1954962,0.16119523,0.1414868,0.15836988,0.173992,0.16945992
960.json,0.18361075,0.1559672,0.15266237,0.1583761,0.17787826,0.17150532
10544.json,0.18290426,0.16122112,0.16009498,0.15116847,0.17406012,0.17055108
4391.json,0.17770375,0.16417645,0.1618343,0.16522194,0.16334441,0.16771916
13186.json,0.18922165,0.16866241,0.15006123,0.1534884,0.17280711,0.16575924
9692.json,0.18011342,0.17297094,0.15491232,0.15808797,0.16501716,0.1688982
7401.json,0.17325258,0.16065319,0.15548286,0.15560655,0.17420498,0.18079983
13405.json,0.18630274,0.1671944,0.15659282,0.1549463,0.1647037,0.17026004
230.json,0.19274423,0.17352751,0.15173352,0.15392452,0.16605632,0.162014
3037.json,0.19123666,0.16614002,0.151712,0.16075914,0.16412903,0.16602321
207.json,0.18956968,0.17037319,0.15155552,0.15462646,0.16609503,0.16778004
3608.json,0.17687039,0.16429245,0.15416048,0.16098218,0.17113681,0.17255771
3789.json,0.18320885,0.15969536,0.16091679,0.15021633,0.17505367,0.17090905
7775.json,0.18396303,0.17226858,0.15588856,0.15531375,0.16968533,0.16288085
12160.json,0.17803986,0.16777144,0.16252865,0.15623805,0.1648406,0.1705815
12870.json,0.1856087,0.1659528,0.15598866,0.1467671,0.17083931,0.17484345
10069.json,0.18012708,0.15720762,0.14827369,0.16310495,0.17814702,0.17313957
3366.json,0.18635044,0.17314789,0.15346828,0.15122266,0.16833791,0.16747278
10806.json,0.18758559,0.16447748,0.15482809,0.15021972,0.17516176,0.16772743
9681.json,0.1861084,0.16722085,0.15243213,0.16119276,0.16801767,0.16502814
1015.json,0.19031088,0.16384572,0.15895088,0.14473979,0.17149375,0.17065899
13486.json,0.17557234,0.16455913,0.16250962,0.1643905,0.16806686,0.16490152
8798.json,0.17565121,0.1567291,0.15272212,0.1633436,0.17393503,0.17761888
2514.json,0.18453363,0.16899717,0.15614001,0.15998629,0.1650766,0.16526629
10633.json,0.17193736,0.16540682,0.15652941,0.16051114,0.17443238,0.17118289
10883.json,0.189084,0.17032565,0.15269937,0.15529016,0.16489182,0.16770893
13213.json,0.19486685,0.17318064,0.13991259,0.15079781,0.17496388,0.16627815
5698.json,0.19464262,0.16479948,0.15002188,0.15024914,0.16853812,0.17174867
11701.json,0.19344833,0.15892388,0.15516575,0.1528147,0.17512088,0.16452646
2315.json,0.17474388,0.16837128,0.15072778,0.16024755,0.17796715,0.16794235
4626.json,0.19341008,0.15835269,0.14544223,0.14891283,0.18080321,0.17307892
11307.json,0.19112338,0.16313924,0.15350883,0.16044943,0.16873816,0.16304098
11925.json,0.19602856,0.16475765,0.14912036,0.15363716,0.17298818,0.16346806
4259.json,0.1913719,0.16916041,0.14863858,0.14973862,0.17149723,0.16959326
5061.json,0.19485863,0.16638017,0.14736648,0.14815103,0.17791389,0.16532986
4141.json,0.18961586,0.16743098,0.15600336,0.14875306,0.16488676,0.17330998
4175.json,0.20099337,0.1614028,0.15352166,0.15245779,0.16329402,0.16833045
9462.json,0.18459292,0.1668247,0.15552345,0.15879789,0.16831608,0.16594498
3987.json,0.20447814,0.17112093,0.14176425,0.15501602,0.1572027,0.17041793
293.json,0.18207492,0.16970246,0.16045526,0.15705827,0.16426659,0.16644254
7728.json,0.1805764,0.16512997,0.14793368,0.15789546,0.17293926,0.17552525
2117.json,0.17773242,0.16967219,0.1572029,0.15490864,0.1718372,0.16864665
4825.json,0.1903992,0.17668255,0.14832559,0.15505318,0.1673835,0.16215597
9516.json,0.17413007,0.16521607,0.15702052,0.16846408,0.16558704,0.16958223
12834.json,0.18590796,0.16957934,0.15004675,0.15969871,0.16702066,0.16774662
3980.json,0.18176818,0.16350907,0.15478691,0.15747045,0.17223777,0.1702276
3231.json,0.17698598,0.1671613,0.15781052,0.16371782,0.16478384,0.1695405
386.json,0.19474328,0.17096011,0.15201838,0.15278237,0.16620678,0.16328909
11288.json,0.18500961,0.17347828,0.15357141,0.16140233,0.16260312,0.1639353
660.json,0.19035842,0.17380114,0.15246342,0.15868734,0.16395082,0.1607389
1106.json,0.18853088,0.18215755,0.14921919,0.15424816,0.16629013,0.1595541
2105.json,0.16727476,0.16710544,0.166277,0.16686518,0.16705951,0.1654181
446.json,0.18269727,0.16640869,0.15472278,0.15858324,0.16822962,0.1693584
10271.json,0.19000523,0.1631247,0.15651889,0.16290799,0.1589661,0.16847698
4866.json,0.19309586,0.16257249,0.14098173,0.15236399,0.17430997,0.17667587
8419.json,0.17573479,0.15669951,0.15671878,0.16187522,0.17458265,0.17438908
3136.json,0.18958597,0.16381255,0.15408139,0.15392584,0.16959797,0.1689963
12093.json,0.19022132,0.16473529,0.15468714,0.16042015,0.16267867,0.16725741
317.json,0.19541511,0.16998416,0.14742501,0.14197831,0.1698046,0.17539276
6295.json,0.17695239,0.16872853,0.1564271,0.16229425,0.16483054,0.1707672
6610.json,0.17778096,0.16397633,0.15906468,0.1642688,0.16488284,0.17002636
5597.json,0.18958424,0.17459115,0.1410476,0.15382265,0.17385167,0.16710268
1234.json,0.17900296,0.16611059,0.15687838,0.16212109,0.16767739,0.16820961
4995.json,0.18357347,0.167211,0.16136134,0.15188564,0.17203183,0.16393667
9095.json,0.18169798,0.16386323,0.14437215,0.16123423,0.17078352,0.17804891
10451.json,0.18650399,0.17127194,0.1584689,0.1559367,0.16299379,0.16482475
4679.json,0.18333806,0.16308983,0.15918231,0.15315485,0.17439432,0.16684061
6011.json,0.19190742,0.17186528,0.15277392,0.15405522,0.16437757,0.16502063
255.json,0.19013332,0.16502681,0.14920355,0.15424976,0.17193002,0.16945656
3664.json,0.192147,0.16018738,0.15085204,0.15005223,0.17361763,0.17314358
11262.json,0.17860836,0.1717222,0.15613045,0.15998547,0.16621056,0.16734292
9388.json,0.1895783,0.16723841,0.15080583,0.16349964,0.16332579,0.16555202
12596.json,0.18968542,0.17129073,0.14815727,0.15967834,0.16544206,0.16574614
8689.json,0.18597159,0.17306428,0.15453471,0.15787752,0.16203626,0.16651557
13420.json,0.19786191,0.16760947,0.15217601,0.15713239,0.16318381,0.16203651
11911.json,0.18213995,0.17521788,0.15009153,0.15444644,0.17501517,0.16308904
5450.json,0.18271096,0.17317075,0.16097718,0.15850726,0.16282883,0.16180494
2993.json,0.19437495,0.15934001,0.14247994,0.16033769,0.16604844,0.17741892
3740.json,0.19730145,0.1648118,0.1481476,0.14449401,0.18023023,0.16501492
12720.json,0.20041437,0.16511333,0.14503063,0.14698625,0.1743884,0.16806705
1653.json,0.20363748,0.15213765,0.13733119,0.15290572,0.18111928,0.17286871
3731.json,0.1926346,0.1731227,0.13545708,0.16865999,0.16926438,0.1608612
8103.json,0.17675862,0.16187017,0.1555404,0.15570347,0.16936646,0.18076092
1439.json,0.18912335,0.16600025,0.15009429,0.15495585,0.16916995,0.17065625
5779.json,0.18254372,0.16691011,0.1506055,0.16484818,0.17537665,0.15971583
10567.json,0.18665388,0.16161385,0.15334712,0.15234171,0.17727688,0.16876645
10111.json,0.18854074,0.16915359,0.14753729,0.15506168,0.16900252,0.17070413
11256.json,0.17672037,0.16352703,0.15188466,0.16531439,0.17206448,0.17048912
10543.json,0.18812074,0.16789171,0.15052941,0.16332322,0.16618717,0.16394761
7904.json,0.19770509,0.16150197,0.15467027,0.14986198,0.16970035,0.1665603
4709.json,0.18483369,0.16767785,0.14761381,0.15434591,0.16792323,0.1776056
8854.json,0.18181227,0.16378796,0.15741414,0.13990039,0.18059842,0.1764868
4116.json,0.17796156,0.16741659,0.14421432,0.17403316,0.16283059,0.17354375
5131.json,0.18010595,0.16076966,0.15547495,0.14979823,0.17344637,0.18040478
11861.json,0.18683675,0.16134414,0.1575639,0.15990944,0.16699906,0.16734669
9435.json,0.17930162,0.15998593,0.15021402,0.1569602,0.17247123,0.18106706
12805.json,0.1790025,0.16716284,0.1580353,0.16284494,0.16322562,0.16972886
9801.json,0.19102897,0.16377111,0.15005794,0.16582587,0.16516499,0.16415113
2195.json,0.17930375,0.16226672,0.16319662,0.15066129,0.17241573,0.17215592
11370.json,0.18810636,0.17063874,0.14901301,0.15807553,0.16940747,0.16475885
9771.json,0.190112,0.17144051,0.13944712,0.16470297,0.1696644,0.16463305
3676.json,0.19371003,0.17184353,0.1515627,0.15472925,0.16474451,0.16341001
4615.json,0.18662505,0.16201407,0.15038435,0.15626965,0.16740635,0.17730044
7742.json,0.17715794,0.16547576,0.15907602,0.16095825,0.16751252,0.16981944
2394.json,0.18165968,0.17141703,0.15551135,0.15703203,0.16685556,0.16752444
817.json,0.19412597,0.1703102,0.15424858,0.15699384,0.1617956,0.16252579
13051.json,0.18187886,0.16672103,0.15627728,0.15477008,0.16844717,0.17190568
11345.json,0.17512937,0.16131857,0.15529907,0.15648,0.17353304,0.17823996
7387.json,0.18404295,0.17444329,0.15391561,0.15906207,0.16268273,0.16585343
4400.json,0.19040658,0.16726851,0.14698876,0.16698965,0.16251718,0.16582927
3541.json,0.18389595,0.17091003,0.15839617,0.14331257,0.16795711,0.17552817
12187.json,0.19478902,0.1696909,0.15781233,0.14628477,0.1666221,0.16480091
7340.json,0.19070603,0.16118605,0.15431891,0.14841999,0.17491247,0.1704565
10355.json,0.20151655,0.16335016,0.14831296,0.14996494,0.16510835,0.17174712
10467.json,0.19016775,0.1625526,0.15143593,0.15350325,0.17161359,0.17072693
8089.json,0.19356772,0.1886514,0.14429288,0.14627756,0.16599219,0.1612183
12526.json,0.18634205,0.1738147,0.15127921,0.15791936,0.16347526,0.1671695
10898.json,0.1898751,0.16731519,0.15593304,0.14962533,0.16812874,0.16912262
7541.json,0.18936355,0.1719385,0.1392309,0.15157962,0.1788162,0.1690712
7136.json,0.19085297,0.1652431,0.15228073,0.14753976,0.1751034,0.16897996
6325.json,0.19326612,0.16704623,0.15016277,0.15256967,0.17004742,0.1669078
12855.json,0.1869556,0.16075176,0.14613256,0.15098414,0.17889063,0.1762853
10512.json,0.18925431,0.16380864,0.15170534,0.15789245,0.16718341,0.17015593
12336.json,0.17487326,0.16235879,0.16193038,0.16341352,0.1674698,0.16995421
11726.json,0.18487892,0.16619532,0.15436953,0.15577742,0.16693988,0.17183886
3904.json,0.19186932,0.16255042,0.14266664,0.15623227,0.16683704,0.1798443
6774.json,0.19221947,0.180262,0.14694718,0.15421559,0.16929871,0.1570571
1324.json,0.19406718,0.17019178,0.15019727,0.15160759,0.17066135,0.16327487
6813.json,0.19157314,0.16641685,0.15599617,0.14516738,0.17542389,0.16542251
9737.json,0.17526907,0.16683963,0.15963353,0.15772773,0.16725136,0.17327872
6366.json,0.19323233,0.16370396,0.15158622,0.14518657,0.17360586,0.17268501
9316.json,0.18322882,0.17153783,0.15487589,0.1568365,0.16021676,0.1733042
992.json,0.18877141,0.17130648,0.15591857,0.14683789,0.168896,0.16826962
699.json,0.18053982,0.15841639,0.15819372,0.15720351,0.1668396,0.17880698
9033.json,0.18343166,0.16523257,0.1469333,0.16963318,0.16886173,0.16590753
5950.json,0.17673196,0.16684179,0.15718155,0.16288868,0.16637802,0.169978
10041.json,0.19911239,0.16520557,0.13805805,0.15725762,0.16636543,0.17400093
5528.json,0.18605717,0.16001774,0.16469578,0.150771,0.17144826,0.16701002
8414.json,0.19286318,0.16380313,0.15466766,0.15189457,0.17486751,0.16190396
4189.json,0.184779,0.16607483,0.14251977,0.17192492,0.16280273,0.17189881
9333.json,0.17359887,0.16364852,0.15569846,0.1565563,0.16983561,0.18066216
9052.json,0.17657572,0.16254415,0.15501693,0.15761916,0.17663343,0.17161062
12478.json,0.19240883,0.16768953,0.1560931,0.14695951,0.1697489,0.1671001
1405.json,0.1750073,0.17009224,0.15698889,0.16503653,0.1687183,0.16415676
3235.json,0.19010594,0.16509004,0.15378386,0.15312131,0.16835988,0.16953903
1514.json,0.18739004,0.1697691,0.15516612,0.15955403,0.16602036,0.16210036
6919.json,0.19080386,0.170927,0.15177806,0.15949917,0.16111496,0.16587701
9774.json,0.18537748,0.16525306,0.15504482,0.16060776,0.16739781,0.16631916
5640.json,0.18613775,0.16530612,0.15689124,0.15526155,0.17022987,0.16617353
9444.json,0.19166988,0.1677939,0.15194464,0.1539914,0.16840363,0.16619657
12449.json,0.18772852,0.16304208,0.16224007,0.1492761,0.17120779,0.1665054
4432.json,0.1831173,0.16205823,0.14956377,0.15638803,0.18226457,0.16660812
5749.json,0.18051632,0.17383796,0.1588812,0.15502296,0.16564853,0.16609302
8192.json,0.18399996,0.15953144,0.15313102,0.16146001,0.17050178,0.17137581
7886.json,0.17918368,0.1716254,0.15650874,0.15653676,0.16668473,0.16946067
9431.json,0.19545536,0.17274193,0.14783722,0.15246685,0.16392347,0.16757509
7721.json,0.18994755,0.16918372,0.14892697,0.15427665,0.17068654,0.16697854
2616.json,0.18386444,0.16905195,0.1559664,0.15605074,0.16411369,0.17095277
2122.json,0.17907083,0.16917282,0.15605734,0.16250846,0.16508637,0.16810417
1280.json,0.18341412,0.16255152,0.15993263,0.16098021,0.16024335,0.17287824
2477.json,0.18536687,0.16363883,0.15642029,0.1641381,0.16864677,0.1617891
6123.json,0.19072555,0.1691406,0.1443247,0.15614842,0.18101841,0.15864229
7814.json,0.17690809,0.16844702,0.15455899,0.16363198,0.16906974,0.16738425
901.json,0.18143663,0.16232553,0.15259133,0.16668431,0.16790678,0.1690554
6720.json,0.17783028,0.16682318,0.1559563,0.16406573,0.16855152,0.16677295
4628.json,0.18919729,0.16983503,0.14635678,0.16245376,0.15924968,0.1729075
11303.json,0.18209124,0.16668054,0.15491977,0.16057152,0.1670999,0.16863714
2986.json,0.18702489,0.16109303,0.15394841,0.15507203,0.17824824,0.16461338
10783.json,0.19593377,0.16504748,0.15290527,0.15701345,0.16502796,0.16407207
13350.json,0.17324235,0.16727288,0.15983827,0.16359909,0.16764623,0.16840121
258.json,0.19363886,0.16860087,0.15293346,0.1554875,0.16336812,0.16597119
1248.json,0.18006866,0.16623424,0.15395415,0.16273303,0.16986553,0.16714437
10450.json,0.19972722,0.16769996,0.14761396,0.15724239,0.16743654,0.16028
8758.json,0.18725345,0.16430868,0.13846324,0.1602459,0.18485689,0.16487187
4442.json,0.1888478,0.16897492,0.14321554,0.1554733,0.1721706,0.17131777
7930.json,0.19058342,0.17167069,0.15213494,0.14567226,0.16925953,0.17067918
12122.json,0.19551812,0.17191485,0.1506267,0.15501124,0.1596029,0.16732623
6678.json,0.18261999,0.16927621,0.15550642,0.15728441,0.16859841,0.1667146
9957.json,0.1885537,0.16173321,0.14428332,0.15385598,0.1824658,0.16910799
7111.json,0.1847611,0.16961046,0.15448181,0.14990012,0.17346832,0.16777818
9235.json,0.19548349,0.1650039,0.14927998,0.15605704,0.16864163,0.1655339
1243.json,0.1798315,0.1627058,0.15965648,0.16087146,0.17013632,0.16679849
5693.json,0.17677772,0.16949455,0.15324183,0.16691901,0.16664031,0.16692656
2305.json,0.19210096,0.17159456,0.15072112,0.15191962,0.16963047,0.16403332
2040.json,0.17705365,0.16080824,0.1524108,0.1615841,0.16901699,0.17912611
9192.json,0.18697374,0.16844279,0.14620939,0.15889545,0.16487995,0.17459863
11375.json,0.20146044,0.16384816,0.15097585,0.15601888,0.16998906,0.15770763
9674.json,0.20516503,0.16503073,0.13680269,0.15119562,0.17270362,0.16910233
3369.json,0.18976313,0.16848855,0.15040092,0.14341196,0.17924567,0.16868976
8855.json,0.18993568,0.16328754,0.16135538,0.14438282,0.17406976,0.16696894
1641.json,0.19258642,0.17383596,0.15100561,0.14183858,0.1745278,0.16620564
9080.json,0.17641732,0.16272804,0.16051453,0.1599903,0.17050691,0.16984299
4233.json,0.19082144,0.15607297,0.15535323,0.1499197,0.17427061,0.17356203
12952.json,0.18136995,0.16687101,0.14847581,0.15593936,0.1782948,0.16904908
2135.json,0.18365555,0.16073994,0.16417353,0.144519,0.17645966,0.1704524
7696.json,0.18513092,0.17313883,0.15388504,0.1554273,0.16890506,0.16351281
11751.json,0.18190013,0.16068092,0.15910341,0.15342559,0.1736932,0.17119676
2187.json,0.19019838,0.16519547,0.15021767,0.15291983,0.17037885,0.17108993
3196.json,0.18192045,0.16730814,0.15930907,0.15278319,0.16984658,0.1688326
6263.json,0.1923282,0.16786127,0.13303605,0.16738212,0.16391607,0.1754764
2774.json,0.1734991,0.17052856,0.16180074,0.15934856,0.1685354,0.16628763
6555.json,0.17931527,0.15727949,0.15585357,0.16003962,0.17445609,0.17305593
8961.json,0.18428773,0.1733518,0.1522994,0.15163599,0.17024642,0.1681787
8011.json,0.18141033,0.17051825,0.15510997,0.15700555,0.16786942,0.16808653
1290.json,0.18255512,0.16466737,0.15895481,0.15833521,0.16619594,0.16929147
9151.json,0.18998191,0.16661808,0.15496607,0.1589501,0.16228051,0.16720332
11625.json,0.18585667,0.16814019,0.14617106,0.15809476,0.16920738,0.17252994
7426.json,0.18105477,0.15569763,0.1523187,0.16295141,0.1709357,0.17704175
1462.json,0.1913816,0.16575181,0.15466218,0.16303347,0.16247901,0.16269182
1777.json,0.17931962,0.16198625,0.1508824,0.15852894,0.17201622,0.17726658
12982.json,0.17552596,0.1624354,0.15898196,0.16013215,0.16852674,0.17439766
6015.json,0.19948108,0.169088,0.15700682,0.14645974,0.16296521,0.16499914
12520.json,0.18652831,0.16232339,0.15527771,0.14735663,0.17817669,0.17033724
8944.json,0.19757828,0.17509384,0.14794967,0.15050203,0.17071764,0.15815856
6035.json,0.1874346,0.15616722,0.15944648,0.14975773,0.17825471,0.1689392
10309.json,0.18345656,0.17329903,0.15711103,0.15339905,0.16528828,0.1674461
7336.json,0.19183587,0.16235182,0.14756803,0.16651852,0.1631771,0.16854864
7726.json,0.19603729,0.16030926,0.14935735,0.15833467,0.16844499,0.1675165
12768.json,0.1833058,0.1703022,0.15437299,0.15822533,0.16533516,0.1684585
12012.json,0.18737788,0.16970964,0.15348437,0.14806017,0.17460272,0.16676526
5710.json,0.17598234,0.16842365,0.15983173,0.1636193,0.16680191,0.16534108
376.json,0.18629459,0.16887933,0.15434256,0.15717612,0.1652135,0.16809402
4198.json,0.18136245,0.1748112,0.15680376,0.15920337,0.16691802,0.16090128
4901.json,0.179294,0.16408356,0.15600567,0.1639517,0.16663945,0.17002563
7806.json,0.19145313,0.16759847,0.1529527,0.1554361,0.16444905,0.1681105
12537.json,0.17340103,0.16018663,0.1586292,0.16390501,0.16952522,0.17435294
3593.json,0.19437371,0.15799662,0.14583807,0.15393695,0.17464945,0.17320523
9779.json,0.18632185,0.16631512,0.14773946,0.15179183,0.17113432,0.17669742
8990.json,0.18008012,0.16475996,0.15997736,0.16529141,0.16640873,0.16348238
3979.json,0.17461047,0.16592646,0.16057779,0.1648333,0.16984749,0.16420455
10897.json,0.19210789,0.17029655,0.15397781,0.14534272,0.17166488,0.16661014
4841.json,0.19653738,0.16531746,0.13793391,0.15965016,0.17492718,0.16563393
2570.json,0.20114261,0.16082416,0.14114617,0.16178523,0.17304873,0.16205312
4068.json,0.18436296,0.16626215,0.14386885,0.15426391,0.17562744,0.17561471
12301.json,0.19395055,0.17624156,0.14602214,0.14726108,0.16539013,0.17113458
7236.json,0.18040454,0.16920865,0.15469307,0.16039656,0.1664794,0.16881773
6571.json,0.18412657,0.16755109,0.14708322,0.16595452,0.16639464,0.16888997
2640.json,0.1773949,0.16325508,0.15598705,0.15957436,0.17350689,0.17028175
13512.json,0.18411379,0.16659436,0.15149522,0.15935369,0.16714238,0.17130052
166.json,0.19242448,0.16836505,0.1531718,0.15837927,0.16060069,0.16705881
7329.json,0.20086609,0.16268688,0.14055295,0.15701109,0.17108029,0.16780274
13385.json,0.19163169,0.17000234,0.15049355,0.14968078,0.17489013,0.16330151
7827.json,0.18943039,0.16286036,0.15724123,0.1497074,0.17278332,0.16797721
11670.json,0.18791412,0.17482992,0.14944772,0.16583507,0.16043615,0.16153699
13029.json,0.18505062,0.16273905,0.15497406,0.1560034,0.16810723,0.1731257
9937.json,0.18231557,0.16076215,0.15611906,0.16286953,0.17223269,0.16570099
2811.json,0.18552522,0.1709387,0.15067461,0.16108835,0.16712567,0.16464743
6333.json,0.18794715,0.1525398,0.14105445,0.16703248,0.17439808,0.17702802
5124.json,0.19652842,0.1736815,0.14622658,0.15556885,0.16335055,0.16464405
66.json,0.19981916,0.16109885,0.15036257,0.1470123,0.17386217,0.16784503
5403.json,0.17571801,0.16716132,0.1555275,0.16244963,0.1683164,0.17082709
9437.json,0.18357672,0.16870368,0.15489256,0.15842406,0.16648778,0.1679152
235.json,0.17852825,0.16076273,0.15634221,0.15943249,0.16951016,0.17542423
793.json,0.18741623,0.16220647,0.15609041,0.14796658,0.17900355,0.16731673
11080.json,0.1829307,0.17950667,0.14696303,0.16027121,0.16001034,0.17031804
9489.json,0.18373969,0.15671481,0.15639779,0.1529128,0.17214702,0.1780878
1444.json,0.19390576,0.16788885,0.15554895,0.14548205,0.16872947,0.168445
2484.json,0.18833621,0.17548707,0.15031897,0.15834832,0.16702609,0.16048333
5836.json,0.1902538,0.16505432,0.14887899,0.15834221,0.16721623,0.17025447
12.json,0.18767977,0.16941212,0.15604818,0.15316601,0.16735032,0.16634353
11588.json,0.17826074,0.16273151,0.15232089,0.15687414,0.17159279,0.17821996
6264.json,0.18589807,0.16048205,0.15475996,0.15172203,0.17287686,0.174261
13324.json,0.18784787,0.1604951,0.15850532,0.14812909,0.17812636,0.16689627
5230.json,0.1806254,0.16348185,0.15967125,0.16493902,0.16457707,0.16670543
8519.json,0.1862465,0.15753832,0.14637312,0.15307583,0.17723118,0.17953497
6900.json,0.19653879,0.16597854,0.1521081,0.15655792,0.16836251,0.16045417
10524.json,0.18801603,0.16562517,0.15533906,0.14868867,0.17186281,0.17046826
12599.json,0.19600353,0.15958579,0.15001006,0.15106991,0.17351043,0.16982032
917.json,0.19077964,0.16243373,0.1524117,0.14958704,0.17208895,0.172699
8336.json,0.18815029,0.16071619,0.15491676,0.16058792,0.16582613,0.1698027
6811.json,0.18670622,0.16122602,0.14732008,0.16758835,0.17200625,0.16515312
7084.json,0.18999046,0.16674791,0.15028091,0.14795683,0.17528763,0.16973622
7900.json,0.19033678,0.1704151,0.15265124,0.15805879,0.16438547,0.16415246
9323.json,0.17803064,0.16357252,0.16213785,0.15947716,0.16912225,0.16765952
1460.json,0.18678275,0.17056574,0.14912571,0.15645215,0.17017345,0.16690023
7607.json,0.18482594,0.16546056,0.14759131,0.14969313,0.17615592,0.17627312
1061.json,0.1760484,0.16693735,0.1573833,0.16491298,0.16434523,0.17037275
12321.json,0.18660565,0.16657853,0.15693763,0.15200748,0.1718393,0.16603144
6473.json,0.18712552,0.16583951,0.14260581,0.16099635,0.17378657,0.16964625
12546.json,0.18035369,0.16299209,0.15859817,0.15867445,0.17088792,0.16849364
2877.json,0.17954333,0.17261423,0.15287268,0.16946849,0.1601646,0.16533664
9432.json,0.18917492,0.16635069,0.14750502,0.1555299,0.1748242,0.16661526
7145.json,0.18448196,0.16553693,0.14883439,0.16004291,0.1665978,0.17450592
2760.json,0.18350804,0.16180643,0.1534217,0.156183,0.17160109,0.17347978
6945.json,0.18456829,0.16959637,0.14831582,0.16396348,0.16227315,0.17128289
4899.json,0.17414549,0.17020744,0.15703593,0.16322279,0.16610417,0.16928415
10906.json,0.19257149,0.16913506,0.1432003,0.15534106,0.16929021,0.17046191
3885.json,0.18809009,0.1683511,0.13138421,0.15243982,0.18078667,0.17894809
11150.json,0.18961777,0.16590756,0.14783286,0.16112709,0.16504592,0.17046878
6953.json,0.18798327,0.17304358,0.15611327,0.14582787,0.17093538,0.16609657
5510.json,0.19045322,0.17192051,0.14892258,0.14800695,0.17687464,0.16382207
3455.json,0.19140007,0.17041852,0.15351158,0.14228468,0.17298914,0.16939604
10061.json,0.19939588,0.16843793,0.15000571,0.16096725,0.16115798,0.16003513
9927.json,0.1793446,0.16855894,0.15718536,0.15704015,0.16997916,0.1678918
2316.json,0.18217045,0.17109016,0.15547733,0.15634118,0.16400243,0.1709185
11276.json,0.18980974,0.16960241,0.15370624,0.14577661,0.171917,0.16918802
1497.json,0.17780583,0.16624548,0.15725996,0.15963928,0.17012541,0.16892403
4337.json,0.19346556,0.15932748,0.15154779,0.13973038,0.17857365,0.17735505
4543.json,0.18916473,0.15942688,0.14280184,0.15596333,0.17748834,0.17515491
5091.json,0.19145241,0.17218964,0.15301567,0.14638859,0.17047727,0.16647635
40.json,0.20089464,0.16153362,0.13935651,0.15127271,0.17356247,0.17337999
2852.json,0.19486794,0.1649294,0.1523694,0.14814498,0.16746573,0.17222251
2506.json,0.18199067,0.16961683,0.15424831,0.150057,0.17334914,0.17073803
4212.json,0.17494068,0.16942874,0.1604342,0.16267443,0.16699496,0.16552706
10474.json,0.19108145,0.17330196,0.15025046,0.15293954,0.16638578,0.16604069
10117.json,0.18100439,0.17343737,0.15580276,0.15929472,0.16415197,0.16630884
7877.json,0.18763974,0.1690005,0.14733285,0.14208533,0.18014681,0.17379475
12051.json,0.17647432,0.16102277,0.15512884,0.16577563,0.17233196,0.1692665
3957.json,0.19297221,0.16885695,0.14329226,0.16092603,0.16357468,0.17037787
10893.json,0.18688384,0.16572759,0.15461242,0.15905383,0.16295497,0.17076729
1623.json,0.17829892,0.16361684,0.15690652,0.16375208,0.16788436,0.16954133
6428.json,0.18982415,0.1629889,0.15269582,0.1641298,0.16579261,0.16456874
4287.json,0.18989788,0.16614294,0.15727742,0.16429943,0.15686692,0.16551541
9793.json,0.18535824,0.16568165,0.15512343,0.16180766,0.16535802,0.1666711
2910.json,0.17747672,0.16722687,0.1599812,0.16231827,0.16494493,0.16805209
4653.json,0.18772003,0.16903037,0.15853858,0.15588488,0.16155331,0.16727293
12279.json,0.19911475,0.16239141,0.15446466,0.14609976,0.16831693,0.16961247
6982.json,0.1809573,0.17081065,0.15741208,0.15764996,0.16828084,0.16488916
11802.json,0.17446214,0.16225442,0.15465383,0.15978165,0.17381844,0.17502947
4609.json,0.18600187,0.17740177,0.1526004,0.15445352,0.16287565,0.16666687
8115.json,0.20263566,0.15914513,0.13523121,0.15393002,0.18009341,0.16896458
11296.json,0.19152173,0.17090428,0.15220472,0.14897186,0.16930662,0.16709085
9093.json,0.18197966,0.16489317,0.16107854,0.15319164,0.16475368,0.17410329
10799.json,0.19174555,0.16618834,0.14493199,0.16234048,0.1776027,0.15719093
9383.json,0.19306515,0.16322343,0.14523692,0.15136726,0.17680755,0.17029972
12009.json,0.17381072,0.16989048,0.16043903,0.1633077,0.16789708,0.16465493
7223.json,0.17375192,0.16251655,0.15077683,0.16447479,0.17090994,0.17756991
11118.json,0.18645526,0.16596338,0.15245776,0.1500966,0.1780389,0.16698807
3381.json,0.1859712,0.16285108,0.15597448,0.14848612,0.17145506,0.17526206
7244.json,0.19163738,0.15547235,0.15748413,0.14137904,0.18494636,0.16908078
2581.json,0.18504764,0.16962428,0.15258558,0.15901196,0.1688802,0.1648503
2958.json,0.1854721,0.16608001,0.16469803,0.14553346,0.16766319,0.1705532
12179.json,0.18105721,0.17247798,0.15326981,0.15571225,0.1732023,0.16428044
11373.json,0.19359154,0.15993892,0.14278054,0.16568805,0.17043199,0.16756894
2114.json,0.18042421,0.16558681,0.16207466,0.15209176,0.16995297,0.16986963
9588.json,0.17922951,0.16529557,0.16114956,0.15928163,0.1669729,0.16807082
3430.json,0.1768154,0.168063,0.15933496,0.15953799,0.16912301,0.16712561
9364.json,0.18944786,0.17647256,0.14843397,0.15284337,0.16672479,0.1660774
10695.json,0.1895173,0.17210817,0.15489845,0.14848018,0.16466351,0.17033245
1158.json,0.1926513,0.16004437,0.15587121,0.15776135,0.16724303,0.16642867
5848.json,0.18477061,0.16996087,0.15335268,0.16181347,0.16663185,0.16347052
10561.json,0.19110066,0.16698633,0.14884855,0.15331602,0.16879137,0.17095715
512.json,0.19522966,0.15751912,0.16164099,0.14959326,0.16857241,0.16744453
5815.json,0.18648487,0.16517559,0.14797246,0.16540065,0.16283447,0.172132
12906.json,0.19118543,0.1630839,0.14951313,0.15208776,0.17221828,0.17191157
7909.json,0.20095332,0.16538435,0.13509277,0.1630111,0.16617852,0.16937995
7044.json,0.1809944,0.1654386,0.15689345,0.16175403,0.16843852,0.16648093
11284.json,0.18000482,0.16740648,0.15909448,0.16160347,0.1694464,0.16244431
11761.json,0.18660715,0.16553934,0.15696396,0.16311151,0.16452086,0.16325723
13291.json,0.18956044,0.16306677,0.15398063,0.16798472,0.16028364,0.1651237
6933.json,0.18233879,0.16432726,0.15052865,0.1601169,0.1700129,0.17267552
9916.json,0.1930236,0.16356896,0.15073384,0.15022014,0.17017809,0.1722754
9248.json,0.18830039,0.16979426,0.15646921,0.15156338,0.16796674,0.16590597
544.json,0.17833602,0.16363938,0.15914074,0.16461162,0.16622329,0.1680489
3679.json,0.18631387,0.17538098,0.15608388,0.16041058,0.1590016,0.16280913
11825.json,0.18829404,0.16652341,0.15479764,0.15332644,0.17235078,0.16470763
7420.json,0.17958362,0.16958149,0.15467808,0.16652189,0.1655226,0.16411227
2723.json,0.19064485,0.16678584,0.14781901,0.15895896,0.16898543,0.16680595
5530.json,0.192995,0.17049128,0.14876463,0.16257511,0.15924288,0.16593114
4617.json,0.1845732,0.1730604,0.1585266,0.15642305,0.16443868,0.16297801
4498.json,0.18824439,0.16143477,0.15113048,0.14875147,0.17374133,0.17669752
2994.json,0.17576034,0.16536902,0.16009368,0.15623386,0.17517278,0.16737036
1184.json,0.18569644,0.16724597,0.15063597,0.1603147,0.16377959,0.17232731
11169.json,0.17511275,0.16978997,0.16022186,0.16222277,0.17025705,0.16239555
8924.json,0.18855214,0.16094145,0.13975044,0.1720814,0.1626341,0.17604046
3194.json,0.18912423,0.16872549,0.1539406,0.16032445,0.16339183,0.16449341
985.json,0.18121846,0.16832097,0.14995913,0.16161892,0.17456694,0.16431564
7379.json,0.18623213,0.16109161,0.16608971,0.14257088,0.177165,0.16685069
2926.json,0.19833377,0.17310064,0.15431711,0.14618798,0.16436677,0.16369368
5283.json,0.17945154,0.16334133,0.15697737,0.15588076,0.1723495,0.17199951
4204.json,0.19006224,0.16460817,0.15838866,0.14745614,0.17183596,0.16764887
7288.json,0.18678367,0.16691728,0.15726279,0.15511847,0.17134704,0.16257074
10223.json,0.18392701,0.16620034,0.14820069,0.16299316,0.17053574,0.16814303
4526.json,0.19283816,0.15920092,0.14891337,0.1551289,0.17433691,0.16958179
10493.json,0.1872562,0.16821659,0.15374738,0.1619812,0.16398874,0.16480994
6812.json,0.19076036,0.16386832,0.15633266,0.14931303,0.1755616,0.16416408
13214.json,0.18729496,0.16601858,0.15700509,0.1619351,0.16329126,0.16445503
12662.json,0.18178125,0.16337863,0.14092413,0.16538613,0.17631368,0.17221628
3933.json,0.1941858,0.16115825,0.15397541,0.15074001,0.1696731,0.1702674
7268.json,0.19454272,0.16167049,0.15404516,0.1466188,0.17580104,0.16732182
2717.json,0.18531653,0.16021957,0.16194022,0.14856283,0.17465761,0.16930327
2252.json,0.18651661,0.16104405,0.15788373,0.16153045,0.16591163,0.16711351
3029.json,0.18589899,0.16242163,0.15572725,0.16473037,0.16400193,0.16721985
3471.json,0.17630942,0.16449152,0.16537945,0.15997863,0.16790168,0.16593932
3710.json,0.1875357,0.16791959,0.15763305,0.14951009,0.17044908,0.16695243
1855.json,0.19100259,0.16300851,0.15393797,0.1601312,0.16321227,0.16870737
7771.json,0.20132747,0.16635634,0.140965,0.15906899,0.16381034,0.16847189
13409.json,0.18637109,0.16889721,0.15592115,0.15338938,0.16963004,0.16579118
5101.json,0.18635087,0.1554456,0.15203884,0.15017049,0.1781632,0.17783102
7356.json,0.17839834,0.16996858,0.15312156,0.16365054,0.16698793,0.16787313
4568.json,0.18891385,0.1739056,0.14136812,0.15979195,0.171469,0.16455142
2099.json,0.19510767,0.16415341,0.15198098,0.14683343,0.17262132,0.16930328
1849.json,0.17667647,0.16637751,0.15964283,0.15316673,0.17351228,0.17062415
7790.json,0.17382252,0.17216581,0.15979488,0.16124009,0.16492242,0.16805431
6320.json,0.18887775,0.16439494,0.15505832,0.15002264,0.17717133,0.164475
3500.json,0.19016078,0.1612519,0.15011328,0.1706395,0.16586334,0.16197126
2460.json,0.19774187,0.16885094,0.14661074,0.15799057,0.1680315,0.16077434
1948.json,0.1878929,0.16720416,0.14762355,0.15413027,0.1736634,0.16948575
10739.json,0.17604718,0.16294272,0.1502526,0.16247304,0.16876139,0.17952311
13020.json,0.18791415,0.16970555,0.15337576,0.15527056,0.16434966,0.1693843
1119.json,0.18573852,0.16203028,0.15972516,0.14625253,0.17349643,0.17275709
13128.json,0.189145,0.16115959,0.15664895,0.14916669,0.17224786,0.17163192
11050.json,0.17866293,0.1633644,0.1545253,0.15852922,0.16785836,0.17705977
7195.json,0.18050377,0.16317593,0.1502361,0.15614687,0.1742774,0.17565998
13047.json,0.18826373,0.17578623,0.14280969,0.15800673,0.17177123,0.16336235
2560.json,0.19382264,0.17289719,0.147976,0.14962831,0.1695795,0.16609639
8463.json,0.18447451,0.16504332,0.15796563,0.16185653,0.16377476,0.16688521
3458.json,0.1927672,0.16506517,0.14979854,0.14704996,0.17507343,0.17024575
8352.json,0.17541483,0.16045631,0.16564032,0.1672776,0.16665137,0.16455963
11847.json,0.19862601,0.1699107,0.15026538,0.15694791,0.16935499,0.15489508
8170.json,0.19071844,0.1647092,0.15080702,0.15986438,0.1673627,0.16653824
10293.json,0.18705556,0.16050103,0.15350063,0.15637515,0.16678311,0.1757845
5314.json,0.18372534,0.16016324,0.15234472,0.14741845,0.17828321,0.17806508
2625.json,0.184462,0.16675214,0.15594657,0.15721034,0.16865283,0.16697614
12749.json,0.19377768,0.15605144,0.15316688,0.1575154,0.16883692,0.17065173
6905.json,0.19336797,0.1670474,0.14921562,0.16317071,0.16308548,0.16411284
10672.json,0.18980776,0.16896315,0.1593186,0.14046517,0.17325872,0.16818653
2217.json,0.18256103,0.17240305,0.15632634,0.1519312,0.16786675,0.16891167
10232.json,0.18032292,0.16316138,0.15464693,0.15557809,0.1732519,0.17303884
7230.json,0.1874255,0.16891403,0.14533807,0.15652539,0.17428401,0.167513
4993.json,0.1848711,0.1647133,0.153354,0.16081786,0.16920973,0.16703394
794.json,0.18171223,0.15873146,0.15385403,0.16177814,0.16940638,0.17451777
12011.json,0.19766253,0.16877769,0.13696678,0.15475114,0.17629787,0.16554406
8946.json,0.18048817,0.1684859,0.15052661,0.16054177,0.16857305,0.17138447
3508.json,0.19377844,0.16282147,0.15226789,0.14796565,0.17287733,0.17028931
3306.json,0.1852874,0.17351778,0.15126552,0.14828481,0.17044957,0.17119487
1189.json,0.1878153,0.17494713,0.14941466,0.15253654,0.1701759,0.16511044
9107.json,0.18543638,0.16122429,0.1553935,0.15633345,0.1721086,0.1695038
809.json,0.19237156,0.16539784,0.14189455,0.15409325,0.17012694,0.17611584
171.json,0.17832822,0.1659798,0.15859231,0.165165,0.16533786,0.16659674
1739.json,0.17901163,0.1644011,0.16032772,0.16073148,0.16605428,0.1694738
9047.json,0.19664234,0.17735651,0.14023638,0.15726362,0.16892962,0.15957153
7685.json,0.19116662,0.17058079,0.14940104,0.15450105,0.16855662,0.16579388
13490.json,0.1864119,0.16539393,0.14833038,0.1499715,0.17802197,0.17187035
10962.json,0.19101699,0.16078067,0.15184493,0.15104266,0.18131219,0.16400255
7845.json,0.19287941,0.16449858,0.1447647,0.14858371,0.17284541,0.17642821
10388.json,0.19495249,0.16978201,0.15142202,0.15865554,0.16033082,0.1648572
180.json,0.18411097,0.16421077,0.15217838,0.16123115,0.16337162,0.17489713
781.json,0.18004546,0.16995509,0.15491769,0.16018623,0.16254395,0.17235157
12627.json,0.1857788,0.1619328,0.15819481,0.1495855,0.17537048,0.16913761
2594.json,0.18686542,0.16324286,0.15381663,0.16172113,0.16224761,0.17210631
7543.json,0.18960993,0.16462228,0.1557931,0.15222201,0.16474319,0.17300949
7073.json,0.18187602,0.16818538,0.15645014,0.15469763,0.17092223,0.16786855
12195.json,0.17873278,0.16891362,0.16050504,0.16028689,0.16513722,0.16642438
13190.json,0.18675764,0.16802531,0.15099008,0.1562276,0.16678645,0.17121296
7447.json,0.18915449,0.16941641,0.15350936,0.15912586,0.16626038,0.16253354
9472.json,0.18665834,0.16850206,0.15097749,0.15151618,0.17572492,0.16662098
12368.json,0.18980084,0.1643875,0.1576362,0.14919773,0.17258579,0.166392
5788.json,0.1869701,0.16332835,0.15462552,0.15511069,0.17293076,0.16703454
6665.json,0.187925,0.16757636,0.15255591,0.15957282,0.16607097,0.16629894
10858.json,0.18059784,0.16422997,0.15111123,0.16441736,0.17344758,0.16619599
3522.json,0.18069549,0.16101344,0.16081126,0.16431041,0.16600016,0.16716926
6469.json,0.19381212,0.16914786,0.15475711,0.15082404,0.16731389,0.16414498
13502.json,0.18499163,0.16674757,0.15790233,0.16004479,0.162952,0.16736165
9834.json,0.19252145,0.15705208,0.1484273,0.15713967,0.17280266,0.17205685
7991.json,0.18580319,0.17283133,0.14934719,0.1637173,0.16568616,0.16261481
7994.json,0.1881441,0.17047788,0.1458924,0.15993896,0.17158346,0.16396329
10846.json,0.17683674,0.1705495,0.15876131,0.1650696,0.16636169,0.16242115
8830.json,0.18218802,0.16220422,0.14953801,0.16008753,0.17596544,0.17001684
6033.json,0.19140613,0.16333808,0.14722419,0.15117899,0.1749452,0.17190737
700.json,0.17605859,0.15855642,0.15450598,0.16053551,0.17018095,0.18016255
12214.json,0.18180229,0.16708092,0.14939077,0.16021612,0.17289856,0.16861124
11661.json,0.17631759,0.17066534,0.15859765,0.1605683,0.16896647,0.16488472
8986.json,0.18226674,0.16318482,0.15249515,0.1623228,0.16577552,0.17395495
6922.json,0.18636033,0.16529812,0.14584222,0.16182019,0.1718816,0.16879752
2738.json,0.17629878,0.16413534,0.15942867,0.1625951,0.1690778,0.16846426
7416.json,0.17369293,0.1668647,0.15860479,0.16010201,0.17174354,0.1689921
9101.json,0.19194873,0.1689673,0.15635486,0.14450352,0.16733561,0.17088997
2494.json,0.18956402,0.16829394,0.1556417,0.15249613,0.17145357,0.16255075
553.json,0.17782086,0.16622828,0.1575966,0.16560093,0.16717911,0.16557421
574.json,0.17633967,0.16440116,0.16185193,0.1620662,0.16519418,0.17014687
1262.json,0.18875627,0.16185161,0.15867706,0.14636621,0.17303729,0.17131157
9900.json,0.18560828,0.17352498,0.15615998,0.15026881,0.16606745,0.1683705
1677.json,0.18472835,0.17592604,0.1534881,0.15397488,0.1613003,0.17058231
575.json,0.17859118,0.16440693,0.15852946,0.16402453,0.16405122,0.17039664
447.json,0.18604718,0.16361837,0.15410379,0.16716817,0.1664426,0.16261986
13049.json,0.1866213,0.16067179,0.15448171,0.1497007,0.17550266,0.17302181
12168.json,0.18549185,0.15580566,0.15917952,0.15122998,0.17732808,0.17096496
11308.json,0.18911445,0.16769083,0.15622455,0.1445862,0.1707882,0.17159577
11212.json,0.17784755,0.16672267,0.14973977,0.15630336,0.1743178,0.17506881
3697.json,0.21031485,0.16135329,0.13775142,0.15615837,0.17224295,0.16217917
12770.json,0.18736365,0.16789186,0.15793699,0.15367636,0.16522713,0.16790402
11955.json,0.18808462,0.17615853,0.14274865,0.15547282,0.16434523,0.17319013
13423.json,0.1703572,0.16785,0.16187192,0.16189916,0.16960107,0.16842061
3087.json,0.19356306,0.16361144,0.15646574,0.14782108,0.1703798,0.16815884
3046.json,0.18199743,0.1663926,0.16274945,0.16240688,0.16212268,0.16433102
12203.json,0.1864625,0.17324674,0.15291183,0.15009542,0.16807058,0.16921297
12734.json,0.18562892,0.15368937,0.1517494,0.15891428,0.17557561,0.17444244
1515.json,0.1811525,0.16658685,0.15017524,0.15474245,0.17260592,0.17473704
9553.json,0.18010078,0.16678327,0.15771271,0.16151822,0.16528867,0.16859636
8557.json,0.17572124,0.17047015,0.15352318,0.16215172,0.17150533,0.16662839
4194.json,0.17389686,0.16458477,0.16176797,0.16325161,0.16830386,0.16819493
13487.json,0.18594456,0.16241762,0.1518391,0.14950189,0.1765548,0.17374209
11184.json,0.19072375,0.16687067,0.14703043,0.15540251,0.17605825,0.16391435
12221.json,0.19332321,0.16403523,0.14664885,0.15967526,0.16501968,0.17129774
3460.json,0.19370906,0.16172369,0.14028583,0.15162392,0.1768565,0.17580096
7529.json,0.17646438,0.16874096,0.15747194,0.16615695,0.16724485,0.16392083
10717.json,0.17477909,0.17060205,0.15570292,0.16188648,0.16838224,0.16864727
4714.json,0.190512,0.16771372,0.15975595,0.15005232,0.16691403,0.16505195
4017.json,0.18370548,0.15800837,0.1473277,0.15165293,0.1859575,0.17334802
9256.json,0.18326072,0.16043498,0.16327432,0.15338482,0.1763039,0.16334131
6006.json,0.18006152,0.16402142,0.1489789,0.16078526,0.18012863,0.16602422
6197.json,0.18281668,0.16501714,0.15606329,0.15409197,0.17319626,0.16881463
1187.json,0.17884374,0.16697675,0.158219,0.16400209,0.16615756,0.16580088
8104.json,0.20058838,0.17350692,0.14085515,0.15099145,0.1634432,0.170615
1556.json,0.18119799,0.15580046,0.15382503,0.15949692,0.170365,0.17931457
7970.json,0.1838905,0.16794392,0.14666162,0.15783125,0.17236286,0.1713098
12487.json,0.18571031,0.16179445,0.14195123,0.16040254,0.17597924,0.17416218
1310.json,0.17383032,0.1604846,0.15872812,0.16251163,0.17067888,0.17376643
6163.json,0.18671411,0.17202911,0.15281722,0.16263321,0.16039795,0.16540842
7819.json,0.18091647,0.16127418,0.15425739,0.15462016,0.17437512,0.17455663
814.json,0.18118905,0.15972237,0.16218995,0.15434828,0.17391671,0.16863367
8486.json,0.18575743,0.16385365,0.15891212,0.14444949,0.1785072,0.16852011
12141.json,0.18586679,0.16296934,0.1612482,0.14741035,0.17132366,0.1711817
3257.json,0.18411113,0.17185648,0.14687845,0.15936092,0.17411114,0.16368192
3330.json,0.1781989,0.1668478,0.15701425,0.16275002,0.166057,0.16913196
6436.json,0.18163195,0.1623496,0.15237957,0.15588647,0.17148153,0.17627074
70.json,0.18161699,0.16397505,0.16017377,0.14701246,0.17635043,0.1708713
10140.json,0.18738194,0.15717767,0.14685816,0.15748909,0.17982107,0.17127214
1120.json,0.18376276,0.17174228,0.1544247,0.15870576,0.16802095,0.16334364
8595.json,0.18460712,0.16466965,0.16010523,0.16037929,0.16256374,0.16767491
4885.json,0.19004607,0.16572368,0.1549591,0.15210116,0.1710773,0.16609266
11917.json,0.19296198,0.16418573,0.15231153,0.1553522,0.16893257,0.16625603
10773.json,0.18051112,0.1560503,0.15558514,0.16183482,0.17082024,0.17519833
4718.json,0.18783173,0.1653141,0.15937148,0.15817443,0.16565046,0.16365775
6616.json,0.19310673,0.16528305,0.14728175,0.15025647,0.17315148,0.17092054
3284.json,0.186115,0.1707337,0.15689704,0.15436722,0.16148476,0.17040221
2290.json,0.19502746,0.17031763,0.15172088,0.15924156,0.16382575,0.1598668
10978.json,0.19295558,0.16737357,0.1564959,0.144199,0.17592819,0.16304782
8764.json,0.17333026,0.16727294,0.1595356,0.1655436,0.167927,0.16639063
2203.json,0.19512492,0.17532796,0.14711255,0.15186253,0.16272894,0.16784307
7118.json,0.19366442,0.16148768,0.1561945,0.15713103,0.16257304,0.16894935
7164.json,0.1763414,0.16638319,0.16030861,0.16159372,0.16730271,0.16807036
4208.json,0.1955821,0.17135113,0.14617437,0.14384441,0.17559563,0.16745228
714.json,0.17746611,0.16658866,0.15912889,0.16121233,0.16671209,0.1688919
13437.json,0.18909448,0.16505174,0.15391819,0.1528034,0.17185141,0.16728076
6401.json,0.17516212,0.16730335,0.16088207,0.16533907,0.16326134,0.16805203
5251.json,0.17619677,0.1648728,0.1623033,0.1600156,0.1671358,0.16947576
378.json,0.18065844,0.16802645,0.14585872,0.16489877,0.17863864,0.16191906
5095.json,0.1879189,0.16734038,0.15576218,0.15759474,0.16159345,0.16979037
11000.json,0.17706443,0.16888444,0.15652351,0.154436,0.1712242,0.17186747
3741.json,0.18092349,0.16133396,0.15474162,0.15112011,0.18031606,0.1715648
8979.json,0.18767239,0.16081534,0.15729561,0.15311909,0.16939071,0.17170687
3803.json,0.19016112,0.1674604,0.14885566,0.1501918,0.17415927,0.16917177
12087.json,0.18174869,0.16842602,0.15849441,0.15266418,0.16821563,0.1704511
1712.json,0.19322965,0.16798142,0.1514952,0.16204552,0.16261329,0.16263491
1093.json,0.17846039,0.16476968,0.15644136,0.1584483,0.17373946,0.16814075
3027.json,0.19377865,0.16282943,0.15348987,0.15184693,0.17281237,0.16524278
4977.json,0.18457742,0.17152192,0.15671737,0.15907367,0.16908865,0.159021
4689.json,0.19382687,0.16050142,0.14292385,0.15107964,0.17561083,0.17605744
9227.json,0.18706441,0.16178635,0.1566083,0.15663943,0.1703046,0.16759692
12927.json,0.19412544,0.16775909,0.15832551,0.14397922,0.17124216,0.1645685
3997.json,0.19662967,0.16445749,0.1529029,0.14914317,0.17039944,0.16646735
13000.json,0.18438451,0.15945159,0.15535332,0.15786761,0.16846071,0.17448227
11704.json,0.18928704,0.16613908,0.14870001,0.15888867,0.17095853,0.16602664
11654.json,0.17828926,0.16586201,0.1523735,0.15896887,0.17000806,0.1744984
340.json,0.18952093,0.17064045,0.15289061,0.15672056,0.1657095,0.16451785
6485.json,0.18310136,0.16326395,0.15723455,0.15191291,0.17724012,0.16724712
9231.json,0.1872056,0.15612456,0.15051807,0.1580027,0.1815209,0.1666282
10416.json,0.18095818,0.1653352,0.16201478,0.14775717,0.17436178,0.16957295
12924.json,0.18535997,0.16764551,0.15635434,0.15642124,0.17032096,0.16389792
6816.json,0.18104817,0.169973,0.15584727,0.15967621,0.16684246,0.16661282
13172.json,0.19635521,0.16712269,0.15431961,0.14439243,0.17123201,0.16657805
13484.json,0.18324196,0.16782312,0.14519534,0.16639931,0.16751349,0.16982676
10869.json,0.19437632,0.16485982,0.15409622,0.15609263,0.1675126,0.16306241
9823.json,0.20259656,0.16232732,0.14273492,0.15380388,0.16875131,0.16978598
3738.json,0.18985365,0.16764581,0.15429892,0.15713148,0.16351104,0.16755912
8552.json,0.1738455,0.16520801,0.16247432,0.16308415,0.16587563,0.1695124
3044.json,0.18321839,0.16899757,0.15389498,0.16162974,0.16635971,0.1658996
6121.json,0.19272846,0.16713311,0.1532747,0.16031578,0.16525525,0.16129272
11261.json,0.18660228,0.16678312,0.14512129,0.15442124,0.17623883,0.17083329
12392.json,0.18751268,0.16385102,0.1503748,0.1589602,0.16662855,0.17267272
4522.json,0.17935409,0.17221025,0.14289178,0.16770162,0.16152169,0.17632063
8285.json,0.1872194,0.17225613,0.1548541,0.15634881,0.16308607,0.16623543
12244.json,0.19338489,0.1764297,0.14662974,0.1552276,0.16992003,0.15840796
7667.json,0.18003257,0.16058178,0.15293312,0.15695949,0.17572129,0.17377175
101.json,0.19027887,0.16124031,0.15871647,0.16045691,0.16462474,0.16468267
2775.json,0.18748626,0.16977124,0.15158226,0.15179724,0.17411761,0.16524541
1909.json,0.18488413,0.16742516,0.15985683,0.15658657,0.1661117,0.16513565
13203.json,0.17844585,0.16321212,0.14711311,0.16359138,0.16932692,0.17831062
8303.json,0.18658598,0.16242144,0.15454853,0.15740861,0.16303429,0.17600115
10466.json,0.17845589,0.16423932,0.15654622,0.16401313,0.16966647,0.16707891
9229.json,0.19121693,0.16526057,0.150035,0.1594316,0.16605863,0.16799726
8498.json,0.18352094,0.15665598,0.1530137,0.15300398,0.17355533,0.18025008
11887.json,0.18496259,0.16915725,0.15218127,0.15346432,0.17303412,0.16720052
11895.json,0.1935706,0.17111081,0.14102285,0.15942626,0.16744332,0.16742614
1385.json,0.19270748,0.16416086,0.15287372,0.16403678,0.1641209,0.16210026
6097.json,0.18091647,0.16554675,0.15820487,0.16285071,0.16638929,0.16609193
1652.json,0.17093608,0.16906242,0.15896432,0.16516282,0.1659655,0.1699088
1950.json,0.18752956,0.16648899,0.15338267,0.15653759,0.16635932,0.16970186
8685.json,0.1861987,0.15980913,0.15434235,0.15304661,0.17357069,0.17303257
9200.json,0.19285116,0.15830924,0.15532033,0.14815848,0.1743406,0.17102022
2374.json,0.18289651,0.164812,0.1480848,0.15369737,0.1735618,0.17694744
2533.json,0.19037662,0.16021578,0.15170002,0.151801,0.1738159,0.1720907
5416.json,0.18556312,0.1709338,0.14800423,0.15457334,0.17190558,0.16901994
2557.json,0.17777929,0.17434448,0.14951581,0.15039885,0.18366246,0.16429913
5087.json,0.196543,0.15888253,0.15858534,0.16356696,0.16464554,0.15777668
8960.json,0.19968586,0.16090721,0.15114665,0.1434244,0.16641039,0.17842554
3362.json,0.18277754,0.1683776,0.15038139,0.15955742,0.16508688,0.17381915
9844.json,0.18811204,0.16457969,0.15702513,0.14604782,0.1784486,0.16578677
9292.json,0.1852305,0.16415307,0.15299213,0.16259634,0.1711931,0.16383488
6119.json,0.17786399,0.16794765,0.16040246,0.15996057,0.16678509,0.16704024
12371.json,0.18436554,0.17417197,0.1532527,0.15232123,0.16959392,0.16629465
7665.json,0.17808503,0.167475,0.15498136,0.16574378,0.16433941,0.16937533
8576.json,0.18676522,0.16975653,0.14680538,0.15018468,0.17545387,0.1710343
6637.json,0.19350395,0.16399537,0.1540609,0.15963757,0.16481408,0.1639881
9096.json,0.18276943,0.17136213,0.15494405,0.15521732,0.17111428,0.1645928
7698.json,0.19943209,0.16533318,0.1501742,0.15212889,0.16591927,0.16701241
10547.json,0.19391713,0.16244295,0.14136377,0.15045428,0.17863263,0.17318927
187.json,0.1916362,0.168982,0.15560888,0.14467765,0.17019801,0.16889724
2470.json,0.19082989,0.16739233,0.1561648,0.14902334,0.16751383,0.16907582
6045.json,0.18994653,0.17418504,0.1499786,0.15702231,0.16137196,0.16749555
339.json,0.18470916,0.16050805,0.1602873,0.15374961,0.1715281,0.16921781
11004.json,0.18547174,0.17249598,0.15362065,0.15276559,0.172465,0.16318107
11337.json,0.19214776,0.16717163,0.15977539,0.14795715,0.16855168,0.16439636
4250.json,0.19042306,0.16242993,0.14763884,0.15937366,0.17155963,0.1685749
631.json,0.17841193,0.16598792,0.15353857,0.16090988,0.1694794,0.17167228
9351.json,0.19820492,0.16689341,0.15119165,0.14748232,0.17013787,0.1660898
5746.json,0.19286422,0.16867934,0.15734997,0.14085369,0.17414717,0.16610557
4136.json,0.19292605,0.15778753,0.14773226,0.15418606,0.17062594,0.17674221
1681.json,0.18411644,0.18050845,0.14266133,0.15186648,0.17486691,0.16598037
5074.json,0.17914821,0.16953164,0.15771435,0.16297421,0.16482405,0.1658075
4195.json,0.1772623,0.1654378,0.15887095,0.15888603,0.17156416,0.16797873
3931.json,0.18606171,0.16085345,0.15757042,0.16505595,0.1695601,0.16089837
4883.json,0.1884377,0.16007598,0.1545675,0.16199133,0.16915853,0.16576897
6795.json,0.18736826,0.16656403,0.15459612,0.15567821,0.17005008,0.1657433
9818.json,0.18244146,0.16291705,0.15921217,0.14935814,0.17755294,0.16851825
8573.json,0.18138905,0.16895105,0.15687864,0.16351217,0.16959776,0.15967129
13184.json,0.19668873,0.16878031,0.14846464,0.15716128,0.16092674,0.16797829
11559.json,0.17894317,0.16730398,0.15433113,0.15546682,0.1694059,0.17454907
9241.json,0.17330216,0.16982748,0.15565006,0.1650026,0.17039582,0.16582187
8902.json,0.17441916,0.16703244,0.16071086,0.16363628,0.16582584,0.16837548
12511.json,0.18732409,0.16434558,0.15937738,0.16075766,0.16526647,0.16292886
7285.json,0.19104777,0.16469248,0.149457,0.15139548,0.17279172,0.17061561
1005.json,0.1961283,0.1693403,0.14443195,0.15825328,0.16734995,0.16449629
609.json,0.17118643,0.16542771,0.16206095,0.16739535,0.1688196,0.16510992
9436.json,0.18683244,0.1602824,0.16025676,0.15074551,0.17306837,0.16881453
5671.json,0.19416855,0.1632097,0.15338022,0.1483074,0.17306218,0.16787194
6699.json,0.19276644,0.16838972,0.1539289,0.1460163,0.17240249,0.16649608
7334.json,0.18139367,0.1676768,0.15908551,0.15432045,0.16846713,0.16905642
9788.json,0.17648198,0.16316116,0.16043435,0.1650717,0.16731384,0.16753694
10710.json,0.18937527,0.16223767,0.14897382,0.1564721,0.16689909,0.17604207
3186.json,0.18688154,0.16338998,0.15659584,0.15942173,0.16610365,0.16760728
6743.json,0.17442298,0.16133043,0.15096727,0.16263302,0.17127584,0.17937051
